logs/tg-bpb-bestof10-convextok2048-det-20260621T040717Z-r008-gate2500_experimental_family_selective-20260621T154110Z.txt
wandb: [wandb.login()] Loaded credentials for https://api.wandb.ai from /home/iska/.netrc.
wandb: Currently logged in as: amelie-iska-math to https://api.wandb.ai. Use `wandb login --relogin` to force relogin
wandb: setting up run tg-bpb-bestof10-convextok2048-det-20260621T040717Z-r008-gate2500_experimental_family_selective-20260621T154110Z
wandb: Tracking run with wandb version 0.26.0
wandb: Run data is saved locally in /home/iska/Documents/amelie/bio/ToricGT/runs/oai_sidecar/tg-bpb-bestof10-convextok2048-det-20260621T040717Z-r008-gate2500_experimental_family_selective-20260621T154110Z/wandb/run-20260621_154113-tg-bpb-bestof10-convextok2048-det-20260621T040717Z-r008-gate2500_experimental_family_selective-20260621T154110Z
wandb: Run `wandb offline` to turn off syncing.
wandb: Syncing run tg-bpb-bestof10-convextok2048-det-20260621T040717Z-r008-gate2500_experimental_family_selective-20260621T154110Z
wandb: ⭐️ View project at https://wandb.ai/amelie-iska-math/toricgt-parameter-golf
wandb: 🚀 View run at https://wandb.ai/amelie-iska-math/toricgt-parameter-golf/runs/tg-bpb-bestof10-convextok2048-det-20260621T040717Z-r008-gate2500_experimental_family_selective-20260621T154110Z
val_bpb:enabled tokenizer_kind=convextok tokenizer_path=/home/iska/Documents/amelie/bio/TropicalGT/TropicalGT-I/data/toricgt/parameter_golf_convextok2048_det_full/tokenizers/fineweb_convextok_2048_det.convextok.json
train_loader:dataset:fineweb10B_convextok2048_det train_shards:740
val_loader:shards pattern=/home/iska/Documents/amelie/bio/TropicalGT/TropicalGT-I/data/toricgt/parameter_golf_convextok2048_det_full/datasets/fineweb10B_convextok2048_det/fineweb_val_*.bin tokens:8388608 max_tokens:8388608 eval_initial:0
fineweb_caseops:enabled:0 swapped_token_ids:0
teacher_distill:enabled:0 checkpoint:none weight:0.0
model_params:18608715
fineweb_graphification:enabled:1 tokengt_first_class:1 params:500224 radius:3 distance_features:functional token_class_buckets:64 position_buckets:256 weights:structural=0.04,edge=0.03,torus=0.01,identifier=0.014,endpoint=0.018,edge_token=0.016 convextok_dag_features:1 convextok_dag_feature_weight:0.018 identifier_dim:24 lr:0.00017
graph_output_flattening:enabled:1 params:524291 radius:4 distance_features:functional weights:node=0.05,edge=0.05,virtual_edge=0.035,score_correction=0.024 virtual_edge_tokens:1 score_correction_enabled:1 lr:0.00014 calibration_weight:0.012 calibration_every:50 flatten_order=tokenizer_sequence scope=oai_fineweb_bpb_only
graph_lm_primary:enabled:1 required:1 seq_len:1024 batch_size:2 every:4 loss_weight_start:0.025 loss_weight_peak:0.08 warmup_steps:350 hold_steps:25 graph_glob:/home/iska/Documents/amelie/bio/TropicalGT/TropicalGT-I/data/toricgt/curated_hf_shards/train/*.parquet stream:files:117 current_rows:58659 graphified_rows:58659 policies:causal_topological_dag:58659
toricgt_sidecar:enabled:1 required:1 params:779183 graph_glob:/home/iska/Documents/amelie/bio/TropicalGT/TropicalGT-I/data/toricgt/curated_hf_shards/train/*.parquet seq_len:256 batch_size:4 every:4 weights:graphcg=4e-06,analogy=2e-05,tokengt_graph=4e-05,trajectory_memory=2e-05,toric_geometry=2.5e-06,vector_bundle_1d_cone_ce=1.5e-06,toric_bgg=2e-06,koszul=7.5e-07,combinatorial_toric=8e-07,derived_signature=1e-06,compute_all_metrics=1
advanced_bpb_controls:aux_grad_routing:1 graph_lm:1 sidecar:1 teacher:1 retrieval_conditioned_aux:1 uncertainty_weighting:1 bpb_first_staging:1 bpb_first_core/ramp/min:250/500/0.02 aux_conflict_controller:1 aux_conflict_damp/boost:0.1/1.35 lagrangian_controller:1 lagrangian_dual_lr:0.025 lagrangian_bpb_ceiling:3.05 toric_fan_curriculum:1 fan_steps:450/950 memory_sheaf_gate:min=0.15,threshold=0.12,softness=0.18 graphcg_bpb_orthogonal_weight:0.02 score_first_tta:1 score_first_tta_commit:0
oai_transfer_heads:gflownet_enabled:1 gflownet_params:203169 gflownet_weight:2e-05 gflownet_entropy_weight:2e-06 gflownet_actions:16 fot_enabled:1 fot_params:803402 fot_weight:1.5e-05 fot_reward_mode:bpb_delta fot_bpb_delta_weight:1.0 fot_adaptive:1 fot_reward/diversity_targets:0.08/0.12 fot_trees:3 fot_depth:4 fot_branching:3 mtp_enabled:1 mtp_weight:0.003 mtp_offsets:2
toricgt_sidecar_heads:graphcg_full_rank:512 analogy_lattice:1 tokengt_causal_graph:1 trajectory_memory_retrieval:1 toric_geometry:1 toric_vector_bundle_1d_cone_sheaf:1 toric_bgg_category_o:1 koszul_persistence:1 combinatorial_toric_commutative_algebra:1 derived_signature_distillation:1
world_size:1 grad_accum_steps:8
sdp_backends:cudnn=False flash=True mem_efficient=False math=False
attention_mode:gqa num_heads:8 num_kv_heads:4
tie_embeddings:True embed_lr:0.043 head_lr:0.0 matrix_lr:0.035 scalar_lr:0.035
train_batch_tokens:524288 train_seq_len:1024 iterations:1000 warmup_steps:20 max_wallclock_seconds:0.000 start_step:0
seed:1345
warmup_step:1/20
warmup_step:2/20
warmup_step:3/20
warmup_step:4/20
warmup_step:5/20
warmup_step:6/20
warmup_step:7/20
warmup_step:8/20
warmup_step:9/20
warmup_step:10/20
warmup_step:11/20
warmup_step:12/20
warmup_step:13/20
warmup_step:14/20
warmup_step:15/20
warmup_step:16/20
warmup_step:17/20
warmup_step:18/20
warmup_step:19/20
warmup_step:20/20
step:1/1000 train_loss:7.6294 train_bpb:4.4250 train_bpt:11.0069 train_time:2483ms step_avg:2483.16ms aux_stage:0.0200 graph_lm_loss:7.621717 graph_lm_bpb:6.2624 graph_lm_w:0.0005 oai_gfn:57.338203 gfn_H:0.9931 gfn_R:0.0005 oai_fot:35.056042 fot_H:0.9965 fot_R:0.0063 fot_div:0.9805 mtp:7.622362 mtp_w:0.0001 sidecar_loss:0.000000 graphcg:0.010672 analogy:0.065486 tokengt_graph:0.960631 memory:1.564300 toric:7.836878 vb1d:0.771840 bgg:0.137370 koszul:0.033780 cca:0.802125 derived:3.809731
step:2/1000 train_loss:6.1167 train_bpb:3.6101 train_bpt:8.8245 train_time:5167ms step_avg:2583.64ms aux_stage:0.0200
step:3/1000 train_loss:6.4103 train_bpb:3.7967 train_bpt:9.2481 train_time:6456ms step_avg:2151.94ms aux_stage:0.0200 mtp:7.707779 mtp_w:0.0001
step:4/1000 train_loss:5.9796 train_bpb:3.4714 train_bpt:8.6267 train_time:7825ms step_avg:1956.28ms aux_stage:0.0200
step:5/1000 train_loss:5.5888 train_bpb:3.2603 train_bpt:8.0629 train_time:10312ms step_avg:2062.46ms aux_stage:0.0200 graph_lm_loss:6.668721 graph_lm_bpb:6.1154 graph_lm_w:0.0005 oai_gfn:33.023163 gfn_H:0.9933 gfn_R:0.0034 oai_fot:18.873743 fot_H:0.9996 fot_R:0.0348 fot_div:0.8516 mtp:7.193225 mtp_w:0.0001 sidecar_loss:0.000000 graphcg:0.010743 analogy:0.065943 tokengt_graph:1.367688 memory:1.470590 toric:7.508023 vb1d:0.791889 bgg:0.150546 koszul:0.032986 cca:0.755970 derived:3.730712
step:6/1000 train_loss:5.4504 train_bpb:3.2158 train_bpt:7.8632 train_time:11435ms step_avg:1905.89ms aux_stage:0.0200
step:7/1000 train_loss:5.3965 train_bpb:3.1995 train_bpt:7.7855 train_time:12806ms step_avg:1829.46ms aux_stage:0.0200 mtp:6.181672 mtp_w:0.0001
step:8/1000 train_loss:5.2868 train_bpb:3.0856 train_bpt:7.6273 train_time:14182ms step_avg:1772.72ms aux_stage:0.0200
step:9/1000 train_loss:5.1625 train_bpb:3.0232 train_bpt:7.4480 train_time:16718ms step_avg:1857.53ms aux_stage:0.0200 graph_lm_loss:5.933852 graph_lm_bpb:5.3632 graph_lm_w:0.0005 oai_gfn:34.968246 gfn_H:0.9935 gfn_R:0.0025 oai_fot:14.882687 fot_H:0.9999 fot_R:0.0486 fot_div:0.7734 mtp:7.097740 mtp_w:0.0001 sidecar_loss:0.000000 graphcg:0.010898 analogy:0.065550 tokengt_graph:1.567473 memory:1.615165 toric:7.810069 vb1d:0.760414 bgg:0.161486 koszul:0.037540 cca:0.702973 derived:3.708358
step:10/1000 train_loss:5.0553 train_bpb:2.9558 train_bpt:7.2933 train_time:17851ms step_avg:1785.13ms aux_stage:0.0200
step:11/1000 train_loss:4.9775 train_bpb:2.9139 train_bpt:7.1810 train_time:19242ms step_avg:1749.31ms aux_stage:0.0200 mtp:6.773612 mtp_w:0.0001
step:12/1000 train_loss:4.8862 train_bpb:2.9013 train_bpt:7.0492 train_time:20652ms step_avg:1720.97ms aux_stage:0.0200
step:13/1000 train_loss:4.8023 train_bpb:2.8315 train_bpt:6.9282 train_time:23204ms step_avg:1784.94ms aux_stage:0.0200 graph_lm_loss:6.055141 graph_lm_bpb:5.5407 graph_lm_w:0.0005 oai_gfn:20.559923 gfn_H:0.9943 gfn_R:0.0107 oai_fot:13.293060 fot_H:0.9997 fot_R:0.0876 fot_div:0.7422 mtp:6.537043 mtp_w:0.0001 sidecar_loss:0.000000 graphcg:0.011236 analogy:0.065478 tokengt_graph:1.604614 memory:1.512522 toric:8.858479 vb1d:0.747083 bgg:0.156560 koszul:0.036713 cca:0.954003 derived:3.827882
step:14/1000 train_loss:4.7060 train_bpb:2.7653 train_bpt:6.7893 train_time:24395ms step_avg:1742.50ms aux_stage:0.0200
step:15/1000 train_loss:4.6222 train_bpb:2.7031 train_bpt:6.6684 train_time:25759ms step_avg:1717.24ms aux_stage:0.0200 mtp:6.775967 mtp_w:0.0001
step:16/1000 train_loss:4.5372 train_bpb:2.6911 train_bpt:6.5458 train_time:27198ms step_avg:1699.86ms aux_stage:0.0200
step:17/1000 train_loss:4.4316 train_bpb:2.6106 train_bpt:6.3934 train_time:29765ms step_avg:1750.91ms aux_stage:0.0200 graph_lm_loss:5.614735 graph_lm_bpb:4.5752 graph_lm_w:0.0005 oai_gfn:31.255720 gfn_H:0.9938 gfn_R:0.0036 oai_fot:12.388762 fot_H:0.9999 fot_R:0.0749 fot_div:0.7461 mtp:6.915885 mtp_w:0.0001 sidecar_loss:0.000000 graphcg:0.011371 analogy:0.065467 tokengt_graph:1.623796 memory:1.654632 toric:8.660795 vb1d:0.731822 bgg:0.152232 koszul:0.041860 cca:0.928754 derived:3.826065
step:18/1000 train_loss:4.3753 train_bpb:2.5725 train_bpt:6.3123 train_time:30923ms step_avg:1717.96ms aux_stage:0.0200
step:19/1000 train_loss:4.2741 train_bpb:2.5149 train_bpt:6.1662 train_time:32316ms step_avg:1700.84ms aux_stage:0.0200 mtp:6.440251 mtp_w:0.0001
step:20/1000 train_loss:4.1693 train_bpb:2.4578 train_bpt:6.0151 train_time:33725ms step_avg:1686.24ms aux_stage:0.0200
step:21/1000 train_loss:4.1235 train_bpb:2.3929 train_bpt:5.9490 train_time:36313ms step_avg:1729.20ms aux_stage:0.0200 graph_lm_loss:5.870910 graph_lm_bpb:4.9575 graph_lm_w:0.0005 oai_gfn:13.853654 gfn_H:0.9945 gfn_R:0.0232 oai_fot:8.569985 fot_H:0.9992 fot_R:0.1250 fot_div:0.8086 mtp:7.224116 mtp_w:0.0001 sidecar_loss:0.000000 graphcg:0.011466 analogy:0.065802 tokengt_graph:1.496441 memory:1.436805 toric:8.351804 vb1d:0.736868 bgg:0.156129 koszul:0.047031 cca:0.980240 derived:3.544031
step:22/1000 train_loss:4.0679 train_bpb:2.3808 train_bpt:5.8688 train_time:37452ms step_avg:1702.35ms aux_stage:0.0200
step:23/1000 train_loss:4.0083 train_bpb:2.3639 train_bpt:5.7827 train_time:38839ms step_avg:1688.67ms aux_stage:0.0200 mtp:7.114234 mtp_w:0.0001
step:24/1000 train_loss:3.9019 train_bpb:2.2690 train_bpt:5.6292 train_time:40308ms step_avg:1679.49ms aux_stage:0.0200
step:25/1000 train_loss:3.9188 train_bpb:2.2796 train_bpt:5.6536 train_time:42890ms step_avg:1715.61ms aux_stage:0.0200 graph_lm_loss:5.770685 graph_lm_bpb:5.1683 graph_lm_w:0.0005 oai_gfn:10.547024 gfn_H:0.9953 gfn_R:0.0405 oai_fot:10.338625 fot_H:0.9999 fot_R:0.1155 fot_div:0.7695 mtp:6.983726 mtp_w:0.0001 sidecar_loss:0.000000 graphcg:0.011879 analogy:0.065319 tokengt_graph:1.631779 memory:1.483437 toric:8.668614 vb1d:0.723383 bgg:0.155374 koszul:0.049804 cca:1.084282 derived:3.657042
step:26/1000 train_loss:3.8537 train_bpb:2.2316 train_bpt:5.5598 train_time:44048ms step_avg:1694.16ms aux_stage:0.0200
step:27/1000 train_loss:3.7472 train_bpb:2.1833 train_bpt:5.4060 train_time:45452ms step_avg:1683.40ms aux_stage:0.0200 mtp:7.501373 mtp_w:0.0001
step:28/1000 train_loss:3.7078 train_bpb:2.1539 train_bpt:5.3492 train_time:46889ms step_avg:1674.60ms aux_stage:0.0200
step:29/1000 train_loss:3.6216 train_bpb:2.1121 train_bpt:5.2249 train_time:49473ms step_avg:1705.95ms aux_stage:0.0200 graph_lm_loss:5.641335 graph_lm_bpb:4.8243 graph_lm_w:0.0005 oai_gfn:21.072886 gfn_H:0.9942 gfn_R:0.0099 oai_fot:16.026932 fot_H:0.9997 fot_R:0.0424 fot_div:0.7578 mtp:6.643266 mtp_w:0.0001 sidecar_loss:0.000000 graphcg:0.012060 analogy:0.064811 tokengt_graph:1.842285 memory:1.440237 toric:9.637892 vb1d:0.722534 bgg:0.174095 koszul:0.053202 cca:1.368101 derived:3.834893
step:30/1000 train_loss:3.6002 train_bpb:2.0964 train_bpt:5.1939 train_time:50641ms step_avg:1688.02ms aux_stage:0.0200
step:31/1000 train_loss:3.5677 train_bpb:2.1113 train_bpt:5.1471 train_time:52038ms step_avg:1678.65ms aux_stage:0.0200 mtp:7.817398 mtp_w:0.0001
step:32/1000 train_loss:3.5254 train_bpb:2.0481 train_bpt:5.0861 train_time:53473ms step_avg:1671.02ms aux_stage:0.0200
step:33/1000 train_loss:3.4648 train_bpb:2.0450 train_bpt:4.9987 train_time:56082ms step_avg:1699.45ms aux_stage:0.0200 graph_lm_loss:5.348858 graph_lm_bpb:4.5479 graph_lm_w:0.0005 oai_gfn:10.420553 gfn_H:0.9934 gfn_R:0.0410 oai_fot:10.492279 fot_H:0.9989 fot_R:0.1457 fot_div:0.7500 mtp:7.890506 mtp_w:0.0001 sidecar_loss:0.000000 graphcg:0.011737 analogy:0.065382 tokengt_graph:1.744882 memory:1.189024 toric:8.907958 vb1d:0.713122 bgg:0.153978 koszul:0.050423 cca:1.281565 derived:3.794636
step:34/1000 train_loss:3.4191 train_bpb:2.0001 train_bpt:4.9327 train_time:57243ms step_avg:1683.62ms aux_stage:0.0200
step:35/1000 train_loss:3.3860 train_bpb:1.9786 train_bpt:4.8849 train_time:58646ms step_avg:1675.61ms aux_stage:0.0200 mtp:7.893697 mtp_w:0.0001
step:36/1000 train_loss:3.2881 train_bpb:1.9284 train_bpt:4.7438 train_time:60063ms step_avg:1668.42ms aux_stage:0.0200
step:37/1000 train_loss:3.3017 train_bpb:1.9222 train_bpt:4.7633 train_time:62632ms step_avg:1692.76ms aux_stage:0.0200 graph_lm_loss:5.048666 graph_lm_bpb:4.7371 graph_lm_w:0.0005 oai_gfn:17.643452 gfn_H:0.9946 gfn_R:0.0150 oai_fot:9.999529 fot_H:0.9993 fot_R:0.1380 fot_div:0.7344 mtp:7.987361 mtp_w:0.0001 sidecar_loss:0.000000 graphcg:0.011985 analogy:0.065141 tokengt_graph:1.963272 memory:1.512740 toric:10.027707 vb1d:0.727757 bgg:0.160009 koszul:0.048004 cca:1.239789 derived:3.802614
step:38/1000 train_loss:3.2492 train_bpb:1.9093 train_bpt:4.6876 train_time:63809ms step_avg:1679.19ms aux_stage:0.0200
step:39/1000 train_loss:3.2280 train_bpb:1.8762 train_bpt:4.6571 train_time:65195ms step_avg:1671.65ms aux_stage:0.0200 mtp:8.160355 mtp_w:0.0001
step:40/1000 train_loss:3.1911 train_bpb:1.8819 train_bpt:4.6038 train_time:66625ms step_avg:1665.62ms aux_stage:0.0200
step:41/1000 train_loss:3.0782 train_bpb:1.7855 train_bpt:4.4408 train_time:69210ms step_avg:1688.05ms aux_stage:0.0200 graph_lm_loss:4.975253 graph_lm_bpb:4.1573 graph_lm_w:0.0005 oai_gfn:6.161427 gfn_H:0.9946 gfn_R:0.0845 oai_fot:5.466724 fot_H:0.9996 fot_R:0.3670 fot_div:0.7422 mtp:7.526206 mtp_w:0.0001 sidecar_loss:0.000000 graphcg:0.011783 analogy:0.065110 tokengt_graph:2.065265 memory:1.347393 toric:10.389390 vb1d:0.704188 bgg:0.155404 koszul:0.049777 cca:1.334754 derived:3.951363
step:42/1000 train_loss:3.0412 train_bpb:1.7730 train_bpt:4.3876 train_time:70398ms step_avg:1676.14ms aux_stage:0.0200
step:43/1000 train_loss:3.0146 train_bpb:1.7654 train_bpt:4.3491 train_time:71759ms step_avg:1668.83ms aux_stage:0.0200 mtp:7.743390 mtp_w:0.0001
step:44/1000 train_loss:3.0389 train_bpb:1.7681 train_bpt:4.3842 train_time:73169ms step_avg:1662.93ms aux_stage:0.0200
step:45/1000 train_loss:2.9520 train_bpb:1.7334 train_bpt:4.2589 train_time:75742ms step_avg:1683.16ms aux_stage:0.0200 graph_lm_loss:4.596015 graph_lm_bpb:4.0609 graph_lm_w:0.0006 oai_gfn:10.566935 gfn_H:0.9943 gfn_R:0.0362 oai_fot:10.421830 fot_H:0.9999 fot_R:0.1342 fot_div:0.7383 mtp:8.256810 mtp_w:0.0001 sidecar_loss:0.000000 graphcg:0.011765 analogy:0.065742 tokengt_graph:1.665184 memory:1.598179 toric:8.079738 vb1d:0.733162 bgg:0.144753 koszul:0.050972 cca:1.154349 derived:3.814564
step:46/1000 train_loss:2.9470 train_bpb:1.7330 train_bpt:4.2517 train_time:76920ms step_avg:1672.17ms aux_stage:0.0200
step:47/1000 train_loss:2.8781 train_bpb:1.6875 train_bpt:4.1522 train_time:78303ms step_avg:1666.02ms aux_stage:0.0200 mtp:8.279859 mtp_w:0.0001
step:48/1000 train_loss:2.8521 train_bpb:1.6781 train_bpt:4.1147 train_time:79720ms step_avg:1660.84ms aux_stage:0.0200
step:49/1000 train_loss:2.8117 train_bpb:1.6591 train_bpt:4.0565 train_time:82292ms step_avg:1679.44ms aux_stage:0.0200 graph_lm_loss:4.394759 graph_lm_bpb:3.5488 graph_lm_w:0.0006 oai_gfn:12.418426 gfn_H:0.9940 gfn_R:0.0288 oai_fot:7.922327 fot_H:0.9998 fot_R:0.2610 fot_div:0.7617 mtp:8.054112 mtp_w:0.0001 sidecar_loss:0.000000 graphcg:0.012039 analogy:0.065479 tokengt_graph:2.157420 memory:1.445179 toric:9.064599 vb1d:0.695746 bgg:0.164116 koszul:0.053021 cca:1.272110 derived:3.892136
step:50/1000 train_loss:2.7322 train_bpb:1.5849 train_bpt:3.9417 train_time:83476ms step_avg:1669.51ms aux_stage:0.0200
step:51/1000 train_loss:2.7368 train_bpb:1.6218 train_bpt:3.9484 train_time:84878ms step_avg:1664.27ms aux_stage:0.0200 mtp:8.139600 mtp_w:0.0001
step:52/1000 train_loss:2.6970 train_bpb:1.5799 train_bpt:3.8910 train_time:86333ms step_avg:1660.25ms aux_stage:0.0200
step:53/1000 train_loss:2.6699 train_bpb:1.5602 train_bpt:3.8519 train_time:89207ms step_avg:1683.15ms aux_stage:0.0200 graph_lm_loss:4.206509 graph_lm_bpb:3.8779 graph_lm_w:0.0006 oai_gfn:9.154071 gfn_H:0.9936 gfn_R:0.0508 oai_fot:6.660723 fot_H:0.9997 fot_R:0.2617 fot_div:0.8242 mtp:8.667756 mtp_w:0.0001 sidecar_loss:0.000000 graphcg:0.011742 analogy:0.065614 tokengt_graph:1.846262 memory:1.454661 toric:8.071534 vb1d:0.731556 bgg:0.147813 koszul:0.048239 cca:1.074406 derived:3.775213
step:54/1000 train_loss:2.6791 train_bpb:1.5804 train_bpt:3.8651 train_time:90371ms step_avg:1673.53ms aux_stage:0.0200
step:55/1000 train_loss:2.5822 train_bpb:1.5051 train_bpt:3.7254 train_time:91701ms step_avg:1667.29ms aux_stage:0.0200 mtp:8.619637 mtp_w:0.0001
step:56/1000 train_loss:2.5520 train_bpb:1.4916 train_bpt:3.6818 train_time:93124ms step_avg:1662.92ms aux_stage:0.0200
step:57/1000 train_loss:2.5086 train_bpb:1.4669 train_bpt:3.6192 train_time:95669ms step_avg:1678.39ms aux_stage:0.0200 graph_lm_loss:3.696428 graph_lm_bpb:3.5322 graph_lm_w:0.0006 oai_gfn:9.837086 gfn_H:0.9942 gfn_R:0.0450 oai_fot:8.009233 fot_H:0.9999 fot_R:0.1690 fot_div:0.7109 mtp:8.439337 mtp_w:0.0001 sidecar_loss:0.000000 graphcg:0.011957 analogy:0.065427 tokengt_graph:2.166357 memory:1.418353 toric:8.175226 vb1d:0.731780 bgg:0.153214 koszul:0.051024 cca:1.211819 derived:3.846744
step:58/1000 train_loss:2.4622 train_bpb:1.4405 train_bpt:3.5523 train_time:96840ms step_avg:1669.66ms aux_stage:0.0200
step:59/1000 train_loss:2.4476 train_bpb:1.4286 train_bpt:3.5311 train_time:98226ms step_avg:1664.85ms aux_stage:0.0200 mtp:8.565110 mtp_w:0.0001
step:60/1000 train_loss:2.4679 train_bpb:1.4457 train_bpt:3.5604 train_time:99646ms step_avg:1660.76ms aux_stage:0.0200
step:61/1000 train_loss:2.3904 train_bpb:1.3920 train_bpt:3.4486 train_time:102225ms step_avg:1675.82ms aux_stage:0.0200 graph_lm_loss:3.305819 graph_lm_bpb:3.0715 graph_lm_w:0.0006 oai_gfn:6.468523 gfn_H:0.9945 gfn_R:0.0779 oai_fot:7.584996 fot_H:0.9989 fot_R:0.2332 fot_div:0.7617 mtp:8.421241 mtp_w:0.0001 sidecar_loss:0.000000 graphcg:0.011536 analogy:0.065575 tokengt_graph:1.935345 memory:1.552711 toric:7.896643 vb1d:0.730917 bgg:0.149832 koszul:0.046222 cca:1.218577 derived:3.855446
step:62/1000 train_loss:2.3723 train_bpb:1.3851 train_bpt:3.4226 train_time:103371ms step_avg:1667.28ms aux_stage:0.0200
step:63/1000 train_loss:2.3628 train_bpb:1.3853 train_bpt:3.4088 train_time:104753ms step_avg:1662.74ms aux_stage:0.0200 mtp:8.619878 mtp_w:0.0001
step:64/1000 train_loss:2.2948 train_bpb:1.3290 train_bpt:3.3107 train_time:106185ms step_avg:1659.14ms aux_stage:0.0200
step:65/1000 train_loss:2.2574 train_bpb:1.3291 train_bpt:3.2567 train_time:108780ms step_avg:1673.54ms aux_stage:0.0200 graph_lm_loss:2.942672 graph_lm_bpb:2.6638 graph_lm_w:0.0006 oai_gfn:5.527776 gfn_H:0.9944 gfn_R:0.0982 oai_fot:4.886506 fot_H:0.9998 fot_R:0.5244 fot_div:0.7812 mtp:9.459678 mtp_w:0.0001 sidecar_loss:0.000000 graphcg:0.011746 analogy:0.065048 tokengt_graph:1.945053 memory:1.418117 toric:7.888680 vb1d:0.713453 bgg:0.151894 koszul:0.048936 cca:1.249133 derived:3.794285
step:66/1000 train_loss:2.2148 train_bpb:1.2975 train_bpt:3.1953 train_time:109952ms step_avg:1665.94ms aux_stage:0.0200
step:67/1000 train_loss:2.2211 train_bpb:1.3037 train_bpt:3.2044 train_time:111346ms step_avg:1661.88ms aux_stage:0.0200 mtp:9.095463 mtp_w:0.0001
step:68/1000 train_loss:2.1538 train_bpb:1.2692 train_bpt:3.1073 train_time:112781ms step_avg:1658.54ms aux_stage:0.0200
step:69/1000 train_loss:2.1106 train_bpb:1.2337 train_bpt:3.0450 train_time:115399ms step_avg:1672.45ms aux_stage:0.0200 graph_lm_loss:2.585200 graph_lm_bpb:2.3590 graph_lm_w:0.0006 oai_gfn:4.326994 gfn_H:0.9940 gfn_R:0.1215 oai_fot:5.108282 fot_H:0.9993 fot_R:0.4920 fot_div:0.7930 mtp:8.868475 mtp_w:0.0001 sidecar_loss:0.000000 graphcg:0.011891 analogy:0.065323 tokengt_graph:2.249772 memory:1.335861 toric:8.530990 vb1d:0.736099 bgg:0.150263 koszul:0.051930 cca:1.337465 derived:3.885451
step:70/1000 train_loss:2.0986 train_bpb:1.2178 train_bpt:3.0277 train_time:116569ms step_avg:1665.27ms aux_stage:0.0200
step:71/1000 train_loss:2.1405 train_bpb:1.2445 train_bpt:3.0882 train_time:117931ms step_avg:1661.00ms aux_stage:0.0200 mtp:9.191240 mtp_w:0.0001
step:72/1000 train_loss:2.0735 train_bpb:1.2136 train_bpt:2.9915 train_time:119355ms step_avg:1657.71ms aux_stage:0.0200
step:73/1000 train_loss:2.0388 train_bpb:1.2013 train_bpt:2.9414 train_time:121924ms step_avg:1670.19ms aux_stage:0.0200 graph_lm_loss:2.548256 graph_lm_bpb:2.2164 graph_lm_w:0.0006 oai_gfn:5.581378 gfn_H:0.9937 gfn_R:0.0980 oai_fot:5.529160 fot_H:0.9995 fot_R:0.3471 fot_div:0.8281 mtp:9.947075 mtp_w:0.0001 sidecar_loss:0.000000 graphcg:0.012207 analogy:0.065386 tokengt_graph:2.207485 memory:1.332327 toric:8.268486 vb1d:0.713556 bgg:0.150584 koszul:0.048437 cca:1.191403 derived:3.845395
step:74/1000 train_loss:2.0167 train_bpb:1.1727 train_bpt:2.9094 train_time:123069ms step_avg:1663.10ms aux_stage:0.0200
step:75/1000 train_loss:2.0014 train_bpb:1.1727 train_bpt:2.8874 train_time:124521ms step_avg:1660.28ms aux_stage:0.0200 mtp:9.132885 mtp_w:0.0001
step:76/1000 train_loss:2.0047 train_bpb:1.1787 train_bpt:2.8922 train_time:125958ms step_avg:1657.34ms aux_stage:0.0200
step:77/1000 train_loss:1.9480 train_bpb:1.1342 train_bpt:2.8104 train_time:128549ms step_avg:1669.47ms aux_stage:0.0200 graph_lm_loss:1.722575 graph_lm_bpb:1.5965 graph_lm_w:0.0007 oai_gfn:4.342186 gfn_H:0.9934 gfn_R:0.1220 oai_fot:5.766192 fot_H:0.9999 fot_R:0.3644 fot_div:0.7891 mtp:9.355615 mtp_w:0.0001 sidecar_loss:0.000000 graphcg:0.011418 analogy:0.065554 tokengt_graph:2.056243 memory:1.363773 toric:8.290569 vb1d:0.740318 bgg:0.152305 koszul:0.043228 cca:1.330502 derived:3.831442
step:78/1000 train_loss:1.9263 train_bpb:1.1222 train_bpt:2.7790 train_time:129703ms step_avg:1662.86ms aux_stage:0.0200
step:79/1000 train_loss:1.8956 train_bpb:1.1140 train_bpt:2.7348 train_time:131107ms step_avg:1659.58ms aux_stage:0.0200 mtp:9.528554 mtp_w:0.0001
step:80/1000 train_loss:1.8881 train_bpb:1.0989 train_bpt:2.7239 train_time:132540ms step_avg:1656.75ms aux_stage:0.0200
step:81/1000 train_loss:1.8398 train_bpb:1.0742 train_bpt:2.6542 train_time:135141ms step_avg:1668.41ms aux_stage:0.0200 graph_lm_loss:2.153979 graph_lm_bpb:1.7566 graph_lm_w:0.0007 oai_gfn:3.421436 gfn_H:0.9944 gfn_R:0.1581 oai_fot:5.268482 fot_H:0.9996 fot_R:0.5039 fot_div:0.7773 mtp:9.667608 mtp_w:0.0001 sidecar_loss:0.000000 graphcg:0.011708 analogy:0.065208 tokengt_graph:1.837645 memory:1.435637 toric:7.977754 vb1d:0.706728 bgg:0.141013 koszul:0.049979 cca:1.066762 derived:3.741323
step:82/1000 train_loss:1.8461 train_bpb:1.0796 train_bpt:2.6633 train_time:136320ms step_avg:1662.44ms aux_stage:0.0200
step:83/1000 train_loss:1.8400 train_bpb:1.0850 train_bpt:2.6545 train_time:137744ms step_avg:1659.56ms aux_stage:0.0200 mtp:9.350373 mtp_w:0.0001
step:84/1000 train_loss:1.8166 train_bpb:1.0645 train_bpt:2.6208 train_time:139149ms step_avg:1656.54ms aux_stage:0.0200
step:85/1000 train_loss:1.7446 train_bpb:1.0248 train_bpt:2.5170 train_time:141718ms step_avg:1667.27ms aux_stage:0.0200 graph_lm_loss:1.472143 graph_lm_bpb:1.2049 graph_lm_w:0.0007 oai_gfn:3.941822 gfn_H:0.9943 gfn_R:0.1340 oai_fot:6.601999 fot_H:0.9999 fot_R:0.3436 fot_div:0.7344 mtp:9.149823 mtp_w:0.0001 sidecar_loss:0.000000 graphcg:0.011564 analogy:0.064993 tokengt_graph:2.316013 memory:1.306430 toric:8.707140 vb1d:0.717255 bgg:0.157794 koszul:0.045019 cca:1.339292 derived:3.754490
step:86/1000 train_loss:1.7354 train_bpb:1.0151 train_bpt:2.5036 train_time:142900ms step_avg:1661.63ms aux_stage:0.0200
step:87/1000 train_loss:1.7100 train_bpb:1.0028 train_bpt:2.4670 train_time:144281ms step_avg:1658.41ms aux_stage:0.0200 mtp:10.009420 mtp_w:0.0001
step:88/1000 train_loss:1.6665 train_bpb:0.9656 train_bpt:2.4043 train_time:145700ms step_avg:1655.68ms aux_stage:0.0200
step:89/1000 train_loss:1.6728 train_bpb:0.9800 train_bpt:2.4133 train_time:148278ms step_avg:1666.04ms aux_stage:0.0200 graph_lm_loss:1.642658 graph_lm_bpb:1.3407 graph_lm_w:0.0007 oai_gfn:6.860979 gfn_H:0.9945 gfn_R:0.0720 oai_fot:5.203475 fot_H:1.0000 fot_R:0.4533 fot_div:0.7344 mtp:10.558714 mtp_w:0.0001 sidecar_loss:0.000000 graphcg:0.011949 analogy:0.065313 tokengt_graph:2.114644 memory:1.584099 toric:7.896983 vb1d:0.692880 bgg:0.157999 koszul:0.046988 cca:1.371287 derived:3.836941
step:90/1000 train_loss:1.6736 train_bpb:0.9809 train_bpt:2.4145 train_time:149452ms step_avg:1660.58ms aux_stage:0.0200
step:91/1000 train_loss:1.6240 train_bpb:0.9545 train_bpt:2.3429 train_time:150875ms step_avg:1657.97ms aux_stage:0.0200 mtp:10.315857 mtp_w:0.0001
step:92/1000 train_loss:1.6247 train_bpb:0.9612 train_bpt:2.3440 train_time:152334ms step_avg:1655.81ms aux_stage:0.0200
step:93/1000 train_loss:1.6228 train_bpb:0.9586 train_bpt:2.3413 train_time:154941ms step_avg:1666.03ms aux_stage:0.0200 graph_lm_loss:1.034831 graph_lm_bpb:0.9612 graph_lm_w:0.0007 oai_gfn:6.774087 gfn_H:0.9941 gfn_R:0.0704 oai_fot:5.484244 fot_H:0.9989 fot_R:0.3386 fot_div:0.7812 mtp:10.258988 mtp_w:0.0001 sidecar_loss:0.000000 graphcg:0.011259 analogy:0.065651 tokengt_graph:1.960167 memory:1.624836 toric:7.663817 vb1d:0.706524 bgg:0.157232 koszul:0.042557 cca:1.280701 derived:3.777637
step:94/1000 train_loss:1.6008 train_bpb:0.9431 train_bpt:2.3095 train_time:156100ms step_avg:1660.64ms aux_stage:0.0200
step:95/1000 train_loss:1.5634 train_bpb:0.9082 train_bpt:2.2555 train_time:157524ms step_avg:1658.15ms aux_stage:0.0200 mtp:10.138863 mtp_w:0.0001
step:96/1000 train_loss:1.5331 train_bpb:0.8962 train_bpt:2.2118 train_time:158975ms step_avg:1655.99ms aux_stage:0.0200
step:97/1000 train_loss:1.5351 train_bpb:0.8883 train_bpt:2.2146 train_time:161556ms step_avg:1665.53ms aux_stage:0.0200 graph_lm_loss:1.463820 graph_lm_bpb:1.2654 graph_lm_w:0.0007 oai_gfn:6.906224 gfn_H:0.9947 gfn_R:0.0725 oai_fot:6.087284 fot_H:0.9998 fot_R:0.4378 fot_div:0.7695 mtp:10.603239 mtp_w:0.0001 sidecar_loss:0.000000 graphcg:0.011362 analogy:0.065511 tokengt_graph:2.144354 memory:1.370885 toric:7.798285 vb1d:0.698354 bgg:0.164276 koszul:0.046272 cca:1.346658 derived:3.771628
step:98/1000 train_loss:1.5363 train_bpb:0.9011 train_bpt:2.2164 train_time:162732ms step_avg:1660.53ms aux_stage:0.0200
step:99/1000 train_loss:1.5310 train_bpb:0.9052 train_bpt:2.2087 train_time:164131ms step_avg:1657.89ms aux_stage:0.0200 mtp:9.609319 mtp_w:0.0001
step:100/1000 train_loss:1.5516 train_bpb:0.9179 train_bpt:2.2385 train_time:165561ms step_avg:1655.61ms aux_stage:0.0200
step:101/1000 train_loss:1.5338 train_bpb:0.9012 train_bpt:2.2128 train_time:168145ms step_avg:1664.80ms aux_stage:0.0200 graph_lm_loss:1.135741 graph_lm_bpb:1.0409 graph_lm_w:0.0007 oai_gfn:1.969275 gfn_H:0.9931 gfn_R:0.2370 oai_fot:4.892760 fot_H:0.9998 fot_R:0.5730 fot_div:0.7188 mtp:9.773788 mtp_w:0.0001 sidecar_loss:0.000000 graphcg:0.011344 analogy:0.065478 tokengt_graph:1.971240 memory:1.467201 toric:8.290328 vb1d:0.739923 bgg:0.154148 koszul:0.044646 cca:1.450926 derived:3.721154
step:102/1000 train_loss:1.4891 train_bpb:0.8732 train_bpt:2.1483 train_time:169310ms step_avg:1659.91ms aux_stage:0.0200
step:103/1000 train_loss:1.4979 train_bpb:0.8859 train_bpt:2.1610 train_time:170732ms step_avg:1657.60ms aux_stage:0.0200 mtp:10.501328 mtp_w:0.0001
step:104/1000 train_loss:1.5386 train_bpb:0.8967 train_bpt:2.2198 train_time:172185ms step_avg:1655.63ms aux_stage:0.0200
step:105/1000 train_loss:1.4785 train_bpb:0.8568 train_bpt:2.1330 train_time:175052ms step_avg:1667.16ms aux_stage:0.0200 graph_lm_loss:1.077548 graph_lm_bpb:1.0072 graph_lm_w:0.0007 oai_gfn:3.363764 gfn_H:0.9939 gfn_R:0.1575 oai_fot:6.388766 fot_H:0.9996 fot_R:0.3165 fot_div:0.6797 mtp:8.970136 mtp_w:0.0001 sidecar_loss:0.000000 graphcg:0.011927 analogy:0.065261 tokengt_graph:2.115816 memory:1.328978 toric:7.562201 vb1d:0.706703 bgg:0.150407 koszul:0.047682 cca:1.373231 derived:3.698308
step:106/1000 train_loss:1.4423 train_bpb:0.8392 train_bpt:2.0808 train_time:176194ms step_avg:1662.21ms aux_stage:0.0200
step:107/1000 train_loss:1.4884 train_bpb:0.8685 train_bpt:2.1472 train_time:177556ms step_avg:1659.40ms aux_stage:0.0200 mtp:10.134626 mtp_w:0.0001
step:108/1000 train_loss:1.4892 train_bpb:0.8682 train_bpt:2.1485 train_time:178957ms step_avg:1657.01ms aux_stage:0.0200
step:109/1000 train_loss:1.5030 train_bpb:0.8794 train_bpt:2.1684 train_time:181536ms step_avg:1665.47ms aux_stage:0.0200 graph_lm_loss:0.941762 graph_lm_bpb:0.8666 graph_lm_w:0.0008 oai_gfn:6.949075 gfn_H:0.9943 gfn_R:0.0711 oai_fot:5.102202 fot_H:0.9993 fot_R:0.4659 fot_div:0.8047 mtp:11.898721 mtp_w:0.0001 sidecar_loss:0.000000 graphcg:0.011556 analogy:0.065403 tokengt_graph:2.218861 memory:1.432615 toric:7.252295 vb1d:0.717876 bgg:0.157038 koszul:0.049135 cca:1.355628 derived:3.740894
step:110/1000 train_loss:1.4570 train_bpb:0.8547 train_bpt:2.1021 train_time:182681ms step_avg:1660.74ms aux_stage:0.0200
step:111/1000 train_loss:1.4037 train_bpb:0.8194 train_bpt:2.0251 train_time:184116ms step_avg:1658.71ms aux_stage:0.0200 mtp:10.730954 mtp_w:0.0001
step:112/1000 train_loss:1.4507 train_bpb:0.8525 train_bpt:2.0929 train_time:185549ms step_avg:1656.69ms aux_stage:0.0200
step:113/1000 train_loss:1.4108 train_bpb:0.8369 train_bpt:2.0353 train_time:188158ms step_avg:1665.11ms aux_stage:0.0200 graph_lm_loss:0.594487 graph_lm_bpb:0.5738 graph_lm_w:0.0008 oai_gfn:4.981299 gfn_H:0.9941 gfn_R:0.1045 oai_fot:5.569726 fot_H:0.9997 fot_R:0.3679 fot_div:0.7891 mtp:10.302530 mtp_w:0.0001 sidecar_loss:0.000000 graphcg:0.011692 analogy:0.065142 tokengt_graph:2.198010 memory:1.419019 toric:8.107491 vb1d:0.742751 bgg:0.170883 koszul:0.047695 cca:1.469212 derived:3.846184
step:114/1000 train_loss:1.4133 train_bpb:0.8336 train_bpt:2.0390 train_time:189316ms step_avg:1660.67ms aux_stage:0.0200
step:115/1000 train_loss:1.4285 train_bpb:0.8384 train_bpt:2.0609 train_time:190694ms step_avg:1658.21ms aux_stage:0.0200 mtp:10.835927 mtp_w:0.0001
step:116/1000 train_loss:1.4369 train_bpb:0.8346 train_bpt:2.0730 train_time:192128ms step_avg:1656.28ms aux_stage:0.0200
step:117/1000 train_loss:1.3952 train_bpb:0.8183 train_bpt:2.0129 train_time:194750ms step_avg:1664.53ms aux_stage:0.0200 graph_lm_loss:1.464023 graph_lm_bpb:1.2373 graph_lm_w:0.0008 oai_gfn:5.747172 gfn_H:0.9946 gfn_R:0.0886 oai_fot:7.443439 fot_H:0.9997 fot_R:0.3136 fot_div:0.7031 mtp:10.298171 mtp_w:0.0001 sidecar_loss:0.000000 graphcg:0.011828 analogy:0.064883 tokengt_graph:2.330923 memory:1.282977 toric:7.663512 vb1d:0.739158 bgg:0.167665 koszul:0.049860 cca:1.369996 derived:3.720697
step:118/1000 train_loss:1.4251 train_bpb:0.8361 train_bpt:2.0560 train_time:195926ms step_avg:1660.39ms aux_stage:0.0200
step:119/1000 train_loss:1.3830 train_bpb:0.8131 train_bpt:1.9952 train_time:197329ms step_avg:1658.23ms aux_stage:0.0200 mtp:10.545575 mtp_w:0.0001
step:120/1000 train_loss:1.3779 train_bpb:0.8055 train_bpt:1.9879 train_time:198769ms step_avg:1656.41ms aux_stage:0.0200
step:121/1000 train_loss:1.3906 train_bpb:0.8102 train_bpt:2.0062 train_time:201370ms step_avg:1664.22ms aux_stage:0.0200 graph_lm_loss:1.090919 graph_lm_bpb:0.9773 graph_lm_w:0.0008 oai_gfn:8.680938 gfn_H:0.9944 gfn_R:0.0527 oai_fot:6.617948 fot_H:0.9989 fot_R:0.3785 fot_div:0.6875 mtp:10.439882 mtp_w:0.0001 sidecar_loss:0.000000 graphcg:0.011825 analogy:0.065073 tokengt_graph:2.530946 memory:1.485999 toric:7.764725 vb1d:0.712013 bgg:0.166354 koszul:0.045947 cca:1.490481 derived:3.779434
step:122/1000 train_loss:1.3656 train_bpb:0.7999 train_bpt:1.9702 train_time:202545ms step_avg:1660.20ms aux_stage:0.0200
step:123/1000 train_loss:1.3688 train_bpb:0.8084 train_bpt:1.9748 train_time:203944ms step_avg:1658.08ms aux_stage:0.0200 mtp:11.897317 mtp_w:0.0001
step:124/1000 train_loss:1.4279 train_bpb:0.8459 train_bpt:2.0601 train_time:205382ms step_avg:1656.30ms aux_stage:0.0050
step:125/1000 train_loss:1.3855 train_bpb:0.8149 train_bpt:1.9989 train_time:207970ms step_avg:1663.76ms aux_stage:0.0200 graph_lm_loss:0.889633 graph_lm_bpb:0.8222 graph_lm_w:0.0008 oai_gfn:3.416545 gfn_H:0.9941 gfn_R:0.1529 oai_fot:5.225771 fot_H:0.9999 fot_R:0.5252 fot_div:0.7383 mtp:11.490591 mtp_w:0.0001 sidecar_loss:0.000000 graphcg:0.011380 analogy:0.065163 tokengt_graph:2.305742 memory:1.391411 toric:8.306760 vb1d:0.735382 bgg:0.161270 koszul:0.041263 cca:1.532330 derived:3.785047
step:126/1000 train_loss:1.3643 train_bpb:0.7969 train_bpt:1.9683 train_time:209125ms step_avg:1659.72ms aux_stage:0.0200
step:127/1000 train_loss:1.3894 train_bpb:0.8273 train_bpt:2.0045 train_time:210519ms step_avg:1657.63ms aux_stage:0.0200 mtp:10.483669 mtp_w:0.0001
step:128/1000 train_loss:1.3675 train_bpb:0.8058 train_bpt:1.9728 train_time:211951ms step_avg:1655.87ms aux_stage:0.0200
step:129/1000 train_loss:1.3242 train_bpb:0.7755 train_bpt:1.9104 train_time:214542ms step_avg:1663.12ms aux_stage:0.0200 graph_lm_loss:0.580377 graph_lm_bpb:0.5602 graph_lm_w:0.0008 oai_gfn:2.598320 gfn_H:0.9931 gfn_R:0.2049 oai_fot:6.273257 fot_H:0.9997 fot_R:0.3952 fot_div:0.7656 mtp:10.700787 mtp_w:0.0001 sidecar_loss:0.000000 graphcg:0.011747 analogy:0.065276 tokengt_graph:2.260785 memory:1.450190 toric:7.737411 vb1d:0.745092 bgg:0.161753 koszul:0.045322 cca:1.476477 derived:3.808863
step:130/1000 train_loss:1.3464 train_bpb:0.7907 train_bpt:1.9425 train_time:215701ms step_avg:1659.23ms aux_stage:0.0200
step:131/1000 train_loss:1.3373 train_bpb:0.7806 train_bpt:1.9293 train_time:217124ms step_avg:1657.44ms aux_stage:0.0200 mtp:10.891759 mtp_w:0.0001
step:132/1000 train_loss:1.3500 train_bpb:0.7927 train_bpt:1.9477 train_time:218542ms step_avg:1655.62ms aux_stage:0.0200
step:133/1000 train_loss:1.3465 train_bpb:0.7874 train_bpt:1.9426 train_time:221154ms step_avg:1662.81ms aux_stage:0.0200 graph_lm_loss:1.268260 graph_lm_bpb:1.1169 graph_lm_w:0.0008 oai_gfn:3.015548 gfn_H:0.9936 gfn_R:0.1768 oai_fot:4.817550 fot_H:0.9997 fot_R:0.7369 fot_div:0.8281 mtp:13.942324 mtp_w:0.0001 sidecar_loss:0.000000 graphcg:0.011511 analogy:0.065319 tokengt_graph:2.325595 memory:1.342297 toric:8.314765 vb1d:0.693091 bgg:0.163181 koszul:0.045865 cca:1.456492 derived:3.692298
step:134/1000 train_loss:1.3327 train_bpb:0.7781 train_bpt:1.9227 train_time:222323ms step_avg:1659.13ms aux_stage:0.0200
step:135/1000 train_loss:1.3156 train_bpb:0.7636 train_bpt:1.8980 train_time:223718ms step_avg:1657.17ms aux_stage:0.0200 mtp:12.287277 mtp_w:0.0001
step:136/1000 train_loss:1.3099 train_bpb:0.7679 train_bpt:1.8898 train_time:225135ms step_avg:1655.40ms aux_stage:0.0200
step:137/1000 train_loss:1.3616 train_bpb:0.7982 train_bpt:1.9644 train_time:227720ms step_avg:1662.19ms aux_stage:0.0200 graph_lm_loss:0.985194 graph_lm_bpb:0.8741 graph_lm_w:0.0008 oai_gfn:5.965586 gfn_H:0.9933 gfn_R:0.0825 oai_fot:5.250717 fot_H:0.9985 fot_R:0.4250 fot_div:0.7773 mtp:12.218137 mtp_w:0.0001 sidecar_loss:0.000001 graphcg:0.011946 analogy:0.065184 tokengt_graph:2.427226 memory:1.398790 toric:8.401356 vb1d:0.714720 bgg:0.173262 koszul:0.046126 cca:1.582279 derived:3.775227
step:138/1000 train_loss:1.4464 train_bpb:0.8622 train_bpt:2.0867 train_time:228880ms step_avg:1658.55ms aux_stage:0.0050
step:139/1000 train_loss:1.3902 train_bpb:0.8093 train_bpt:2.0056 train_time:230269ms step_avg:1656.61ms aux_stage:0.0050 mtp:11.376403 mtp_w:0.0000
step:140/1000 train_loss:1.3342 train_bpb:0.7780 train_bpt:1.9249 train_time:231687ms step_avg:1654.91ms aux_stage:0.0200
step:141/1000 train_loss:1.2791 train_bpb:0.7456 train_bpt:1.8454 train_time:234243ms step_avg:1661.30ms aux_stage:0.0200 graph_lm_loss:0.855955 graph_lm_bpb:0.7365 graph_lm_w:0.0009 oai_gfn:4.471223 gfn_H:0.9935 gfn_R:0.1292 oai_fot:6.636250 fot_H:0.9996 fot_R:0.2886 fot_div:0.6289 mtp:11.128027 mtp_w:0.0001 sidecar_loss:0.000001 graphcg:0.011498 analogy:0.065403 tokengt_graph:2.555125 memory:1.378175 toric:8.755794 vb1d:0.736070 bgg:0.176871 koszul:0.047230 cca:1.728622 derived:3.844262
step:142/1000 train_loss:1.2879 train_bpb:0.7458 train_bpt:1.8581 train_time:235443ms step_avg:1658.05ms aux_stage:0.0200
step:143/1000 train_loss:1.3222 train_bpb:0.7716 train_bpt:1.9076 train_time:236859ms step_avg:1656.35ms aux_stage:0.0200 mtp:10.567779 mtp_w:0.0001
step:144/1000 train_loss:1.3160 train_bpb:0.7723 train_bpt:1.8985 train_time:238284ms step_avg:1654.75ms aux_stage:0.0200
step:145/1000 train_loss:1.2934 train_bpb:0.7551 train_bpt:1.8661 train_time:240855ms step_avg:1661.07ms aux_stage:0.0200 graph_lm_loss:1.078877 graph_lm_bpb:0.8995 graph_lm_w:0.0009 oai_gfn:2.399189 gfn_H:0.9948 gfn_R:0.2170 oai_fot:4.991119 fot_H:0.9999 fot_R:0.5544 fot_div:0.7812 mtp:11.988627 mtp_w:0.0001 sidecar_loss:0.000001 graphcg:0.011582 analogy:0.065333 tokengt_graph:2.520010 memory:1.437831 toric:8.690885 vb1d:0.726525 bgg:0.170189 koszul:0.044607 cca:1.658526 derived:3.816774
step:146/1000 train_loss:1.2870 train_bpb:0.7543 train_bpt:1.8568 train_time:242027ms step_avg:1657.72ms aux_stage:0.0200
step:147/1000 train_loss:1.3437 train_bpb:0.7872 train_bpt:1.9385 train_time:243442ms step_avg:1656.07ms aux_stage:0.0050 mtp:11.677289 mtp_w:0.0000
step:148/1000 train_loss:1.3082 train_bpb:0.7742 train_bpt:1.8873 train_time:244916ms step_avg:1654.84ms aux_stage:0.0200
step:149/1000 train_loss:1.2799 train_bpb:0.7504 train_bpt:1.8465 train_time:247515ms step_avg:1661.18ms aux_stage:0.0200 graph_lm_loss:1.086287 graph_lm_bpb:0.9679 graph_lm_w:0.0009 oai_gfn:4.940963 gfn_H:0.9931 gfn_R:0.1099 oai_fot:4.951999 fot_H:1.0000 fot_R:0.7192 fot_div:0.7812 mtp:10.971313 mtp_w:0.0001 sidecar_loss:0.000001 graphcg:0.011464 analogy:0.065322 tokengt_graph:2.266649 memory:1.355596 toric:8.821248 vb1d:0.709367 bgg:0.165333 koszul:0.045718 cca:1.721368 derived:3.811044
step:150/1000 train_loss:1.3030 train_bpb:0.7599 train_bpt:1.8799 train_time:248667ms step_avg:1657.78ms aux_stage:0.0200
step:151/1000 train_loss:1.2373 train_bpb:0.7228 train_bpt:1.7851 train_time:250070ms step_avg:1656.09ms aux_stage:0.0200 mtp:13.103601 mtp_w:0.0001
step:152/1000 train_loss:1.2882 train_bpb:0.7551 train_bpt:1.8585 train_time:251507ms step_avg:1654.65ms aux_stage:0.0200
step:153/1000 train_loss:1.3007 train_bpb:0.7607 train_bpt:1.8766 train_time:254106ms step_avg:1660.83ms aux_stage:0.0200 graph_lm_loss:1.209042 graph_lm_bpb:1.0588 graph_lm_w:0.0009 oai_gfn:3.119875 gfn_H:0.9926 gfn_R:0.1679 oai_fot:4.647654 fot_H:0.9995 fot_R:0.6405 fot_div:0.8086 mtp:11.696074 mtp_w:0.0001 sidecar_loss:0.000001 graphcg:0.011721 analogy:0.065477 tokengt_graph:2.333688 memory:1.407714 toric:7.515970 vb1d:0.737093 bgg:0.172383 koszul:0.039420 cca:1.612295 derived:3.789493
step:154/1000 train_loss:1.2716 train_bpb:0.7472 train_bpt:1.8345 train_time:255269ms step_avg:1657.59ms aux_stage:0.0200
step:155/1000 train_loss:1.2504 train_bpb:0.7313 train_bpt:1.8040 train_time:256650ms step_avg:1655.80ms aux_stage:0.0200 mtp:12.536766 mtp_w:0.0001
step:156/1000 train_loss:1.2806 train_bpb:0.7465 train_bpt:1.8476 train_time:258093ms step_avg:1654.44ms aux_stage:0.0200
step:157/1000 train_loss:1.2866 train_bpb:0.7495 train_bpt:1.8562 train_time:260941ms step_avg:1662.05ms aux_stage:0.0200 graph_lm_loss:0.834816 graph_lm_bpb:0.7823 graph_lm_w:0.0009 oai_gfn:4.407493 gfn_H:0.9938 gfn_R:0.1218 oai_fot:4.453190 fot_H:0.9980 fot_R:0.7024 fot_div:0.7812 mtp:11.929910 mtp_w:0.0001 sidecar_loss:0.000001 graphcg:0.011806 analogy:0.065140 tokengt_graph:2.325610 memory:1.376729 toric:8.146935 vb1d:0.713644 bgg:0.167767 koszul:0.051903 cca:1.684504 derived:3.831498
step:158/1000 train_loss:1.2668 train_bpb:0.7319 train_bpt:1.8276 train_time:262083ms step_avg:1658.75ms aux_stage:0.0200
step:159/1000 train_loss:1.2301 train_bpb:0.7197 train_bpt:1.7746 train_time:263460ms step_avg:1656.98ms aux_stage:0.0200 mtp:11.198188 mtp_w:0.0001
step:160/1000 train_loss:1.2418 train_bpb:0.7297 train_bpt:1.7915 train_time:264879ms step_avg:1655.49ms aux_stage:0.0200
step:161/1000 train_loss:1.2445 train_bpb:0.7304 train_bpt:1.7955 train_time:267481ms step_avg:1661.37ms aux_stage:0.0200 graph_lm_loss:0.627302 graph_lm_bpb:0.5929 graph_lm_w:0.0009 oai_gfn:3.428819 gfn_H:0.9932 gfn_R:0.1550 oai_fot:4.637274 fot_H:0.9996 fot_R:0.7150 fot_div:0.7188 mtp:10.768325 mtp_w:0.0001 sidecar_loss:0.000001 graphcg:0.011314 analogy:0.065997 tokengt_graph:2.181852 memory:1.396494 toric:8.733556 vb1d:0.747528 bgg:0.163862 koszul:0.048605 cca:1.540203 derived:3.770603
step:162/1000 train_loss:1.2116 train_bpb:0.7141 train_bpt:1.7480 train_time:268663ms step_avg:1658.41ms aux_stage:0.0200
step:163/1000 train_loss:1.2157 train_bpb:0.7063 train_bpt:1.7539 train_time:270048ms step_avg:1656.74ms aux_stage:0.0200 mtp:10.453639 mtp_w:0.0001
step:164/1000 train_loss:1.3286 train_bpb:0.7939 train_bpt:1.9168 train_time:271463ms step_avg:1655.26ms aux_stage:0.0050
step:165/1000 train_loss:1.2431 train_bpb:0.7244 train_bpt:1.7934 train_time:274022ms step_avg:1660.74ms aux_stage:0.0200 graph_lm_loss:0.517701 graph_lm_bpb:0.4994 graph_lm_w:0.0009 oai_gfn:2.021138 gfn_H:0.9935 gfn_R:0.2353 oai_fot:6.104378 fot_H:0.9995 fot_R:0.5681 fot_div:0.7812 mtp:11.982664 mtp_w:0.0001 sidecar_loss:0.000001 graphcg:0.011324 analogy:0.065280 tokengt_graph:2.352175 memory:1.407102 toric:8.080462 vb1d:0.740461 bgg:0.169549 koszul:0.045569 cca:1.587846 derived:3.772961
step:166/1000 train_loss:1.2395 train_bpb:0.7284 train_bpt:1.7882 train_time:275183ms step_avg:1657.73ms aux_stage:0.0200
step:167/1000 train_loss:1.2348 train_bpb:0.7230 train_bpt:1.7814 train_time:276604ms step_avg:1656.31ms aux_stage:0.0200 mtp:13.558270 mtp_w:0.0001
step:168/1000 train_loss:1.2125 train_bpb:0.7139 train_bpt:1.7493 train_time:278049ms step_avg:1655.05ms aux_stage:0.0200
step:169/1000 train_loss:1.2632 train_bpb:0.7444 train_bpt:1.8224 train_time:280620ms step_avg:1660.48ms aux_stage:0.0050 graph_lm_loss:1.474663 graph_lm_bpb:1.2326 graph_lm_w:0.0002 oai_gfn:1.715499 gfn_H:0.9939 gfn_R:0.2643 oai_fot:5.774637 fot_H:0.9999 fot_R:0.4468 fot_div:0.8281 mtp:12.830534 mtp_w:0.0000 sidecar_loss:0.000000 graphcg:0.011332 analogy:0.065645 tokengt_graph:2.228992 memory:1.296814 toric:7.927805 vb1d:0.716227 bgg:0.175441 koszul:0.037993 cca:1.501750 derived:3.732959
step:170/1000 train_loss:1.2254 train_bpb:0.7163 train_bpt:1.7678 train_time:281799ms step_avg:1657.64ms aux_stage:0.0200
step:171/1000 train_loss:1.2066 train_bpb:0.7069 train_bpt:1.7408 train_time:283219ms step_avg:1656.25ms aux_stage:0.0200 mtp:14.752501 mtp_w:0.0001
step:172/1000 train_loss:1.2138 train_bpb:0.7081 train_bpt:1.7512 train_time:284668ms step_avg:1655.05ms aux_stage:0.0200
step:173/1000 train_loss:1.2415 train_bpb:0.7368 train_bpt:1.7912 train_time:287256ms step_avg:1660.44ms aux_stage:0.0050 graph_lm_loss:0.714228 graph_lm_bpb:0.6558 graph_lm_w:0.0002 oai_gfn:2.156769 gfn_H:0.9933 gfn_R:0.2265 oai_fot:5.090312 fot_H:0.9989 fot_R:0.6348 fot_div:0.8477 mtp:13.207876 mtp_w:0.0000 sidecar_loss:0.000000 graphcg:0.011798 analogy:0.065198 tokengt_graph:2.593628 memory:1.486449 toric:7.514160 vb1d:0.720599 bgg:0.180355 koszul:0.049472 cca:1.584149 derived:3.747633
step:174/1000 train_loss:1.2015 train_bpb:0.6946 train_bpt:1.7333 train_time:288409ms step_avg:1657.52ms aux_stage:0.0200
step:175/1000 train_loss:1.1790 train_bpb:0.6920 train_bpt:1.7010 train_time:289810ms step_avg:1656.06ms aux_stage:0.0200 mtp:10.959227 mtp_w:0.0001
step:176/1000 train_loss:1.2170 train_bpb:0.7161 train_bpt:1.7558 train_time:291231ms step_avg:1654.72ms aux_stage:0.0200
step:177/1000 train_loss:1.2203 train_bpb:0.7148 train_bpt:1.7605 train_time:293826ms step_avg:1660.03ms aux_stage:0.0200 graph_lm_loss:0.527830 graph_lm_bpb:0.5072 graph_lm_w:0.0010 oai_gfn:2.928241 gfn_H:0.9936 gfn_R:0.1877 oai_fot:4.961329 fot_H:0.9988 fot_R:0.5952 fot_div:0.7500 mtp:11.977734 mtp_w:0.0001 sidecar_loss:0.000001 graphcg:0.011368 analogy:0.065425 tokengt_graph:2.170299 memory:1.550068 toric:8.034081 vb1d:0.759016 bgg:0.177152 koszul:0.045741 cca:1.516682 derived:3.731167
step:178/1000 train_loss:1.2277 train_bpb:0.7183 train_bpt:1.7712 train_time:294998ms step_avg:1657.29ms aux_stage:0.0200
step:179/1000 train_loss:1.2531 train_bpb:0.7364 train_bpt:1.8079 train_time:296425ms step_avg:1656.01ms aux_stage:0.0050 mtp:11.654507 mtp_w:0.0000
step:180/1000 train_loss:1.2165 train_bpb:0.7138 train_bpt:1.7551 train_time:297844ms step_avg:1654.69ms aux_stage:0.0200
step:181/1000 train_loss:1.2244 train_bpb:0.7189 train_bpt:1.7664 train_time:300446ms step_avg:1659.92ms aux_stage:0.0200 graph_lm_loss:1.008337 graph_lm_bpb:0.8658 graph_lm_w:0.0010 oai_gfn:3.179850 gfn_H:0.9924 gfn_R:0.1667 oai_fot:6.394913 fot_H:0.9997 fot_R:0.3378 fot_div:0.7422 mtp:11.292738 mtp_w:0.0001 sidecar_loss:0.000001 graphcg:0.011310 analogy:0.065705 tokengt_graph:2.002197 memory:1.466550 toric:7.757981 vb1d:0.728095 bgg:0.165801 koszul:0.041936 cca:1.453362 derived:3.688582
step:182/1000 train_loss:1.2015 train_bpb:0.7037 train_bpt:1.7335 train_time:301613ms step_avg:1657.22ms aux_stage:0.0200
step:183/1000 train_loss:1.1581 train_bpb:0.6818 train_bpt:1.6708 train_time:303018ms step_avg:1655.83ms aux_stage:0.0200 mtp:13.280246 mtp_w:0.0001
step:184/1000 train_loss:1.2002 train_bpb:0.7041 train_bpt:1.7315 train_time:304450ms step_avg:1654.62ms aux_stage:0.0200
step:185/1000 train_loss:1.1954 train_bpb:0.7000 train_bpt:1.7246 train_time:307062ms step_avg:1659.79ms aux_stage:0.0200 graph_lm_loss:0.881840 graph_lm_bpb:0.7983 graph_lm_w:0.0010 oai_gfn:1.637865 gfn_H:0.9921 gfn_R:0.2929 oai_fot:4.952934 fot_H:0.9985 fot_R:0.6417 fot_div:0.8125 mtp:13.447187 mtp_w:0.0001 sidecar_loss:0.000001 graphcg:0.011419 analogy:0.065306 tokengt_graph:2.352036 memory:1.527318 toric:8.112952 vb1d:0.740144 bgg:0.166366 koszul:0.042114 cca:1.477654 derived:3.769535
step:186/1000 train_loss:1.1993 train_bpb:0.7010 train_bpt:1.7302 train_time:308232ms step_avg:1657.16ms aux_stage:0.0200
step:187/1000 train_loss:1.2026 train_bpb:0.7097 train_bpt:1.7350 train_time:309623ms step_avg:1655.74ms aux_stage:0.0200 mtp:14.529452 mtp_w:0.0001
step:188/1000 train_loss:1.2089 train_bpb:0.7149 train_bpt:1.7440 train_time:311054ms step_avg:1654.54ms aux_stage:0.0050
step:189/1000 train_loss:1.1834 train_bpb:0.6895 train_bpt:1.7073 train_time:313622ms step_avg:1659.37ms aux_stage:0.0200 graph_lm_loss:0.734348 graph_lm_bpb:0.6423 graph_lm_w:0.0010 oai_gfn:3.267058 gfn_H:0.9937 gfn_R:0.1633 oai_fot:5.749712 fot_H:0.9998 fot_R:0.4143 fot_div:0.7656 mtp:12.781178 mtp_w:0.0001 sidecar_loss:0.000001 graphcg:0.011651 analogy:0.065447 tokengt_graph:2.447294 memory:1.372867 toric:7.934044 vb1d:0.734121 bgg:0.167332 koszul:0.049671 cca:1.473940 derived:3.725149
step:190/1000 train_loss:1.1780 train_bpb:0.6846 train_bpt:1.6995 train_time:314782ms step_avg:1656.75ms aux_stage:0.0200
step:191/1000 train_loss:1.2031 train_bpb:0.6969 train_bpt:1.7358 train_time:316200ms step_avg:1655.50ms aux_stage:0.0200 mtp:11.513618 mtp_w:0.0001
step:192/1000 train_loss:1.1770 train_bpb:0.6904 train_bpt:1.6980 train_time:317624ms step_avg:1654.29ms aux_stage:0.0200
step:193/1000 train_loss:1.1948 train_bpb:0.6941 train_bpt:1.7238 train_time:320219ms step_avg:1659.17ms aux_stage:0.0200 graph_lm_loss:0.437658 graph_lm_bpb:0.4189 graph_lm_w:0.0010 oai_gfn:7.827013 gfn_H:0.9927 gfn_R:0.0600 oai_fot:6.509467 fot_H:0.9998 fot_R:0.4133 fot_div:0.7188 mtp:11.103806 mtp_w:0.0001 sidecar_loss:0.000001 graphcg:0.011283 analogy:0.065717 tokengt_graph:2.434240 memory:1.568346 toric:8.418420 vb1d:0.739813 bgg:0.181116 koszul:0.046476 cca:1.743744 derived:3.689013
step:194/1000 train_loss:1.1541 train_bpb:0.6791 train_bpt:1.6650 train_time:321399ms step_avg:1656.70ms aux_stage:0.0200
step:195/1000 train_loss:1.1770 train_bpb:0.6912 train_bpt:1.6980 train_time:322815ms step_avg:1655.46ms aux_stage:0.0200 mtp:12.537686 mtp_w:0.0001
step:196/1000 train_loss:1.1619 train_bpb:0.6806 train_bpt:1.6762 train_time:324270ms step_avg:1654.44ms aux_stage:0.0200
step:197/1000 train_loss:1.1684 train_bpb:0.6815 train_bpt:1.6856 train_time:326854ms step_avg:1659.16ms aux_stage:0.0200 graph_lm_loss:1.253433 graph_lm_bpb:1.0133 graph_lm_w:0.0010 oai_gfn:3.100369 gfn_H:0.9939 gfn_R:0.1670 oai_fot:5.567915 fot_H:0.9989 fot_R:0.4404 fot_div:0.7422 mtp:12.376938 mtp_w:0.0001 sidecar_loss:0.000001 graphcg:0.011538 analogy:0.065682 tokengt_graph:2.553625 memory:1.486238 toric:8.235281 vb1d:0.730277 bgg:0.184603 koszul:0.050407 cca:1.746197 derived:3.668250
step:198/1000 train_loss:1.1902 train_bpb:0.6999 train_bpt:1.7171 train_time:328054ms step_avg:1656.84ms aux_stage:0.0050
step:199/1000 train_loss:1.1743 train_bpb:0.6929 train_bpt:1.6942 train_time:329470ms step_avg:1655.63ms aux_stage:0.0200 mtp:12.043941 mtp_w:0.0001
step:200/1000 train_loss:1.1377 train_bpb:0.6691 train_bpt:1.6414 train_time:330946ms step_avg:1654.73ms aux_stage:0.0200
step:201/1000 train_loss:1.1681 train_bpb:0.6882 train_bpt:1.6853 train_time:333584ms step_avg:1659.62ms aux_stage:0.0200 graph_lm_loss:0.697057 graph_lm_bpb:0.6466 graph_lm_w:0.0011 oai_gfn:2.308901 gfn_H:0.9950 gfn_R:0.2181 oai_fot:5.571706 fot_H:1.0000 fot_R:0.7568 fot_div:0.8047 mtp:13.428009 mtp_w:0.0001 sidecar_loss:0.000001 graphcg:0.011676 analogy:0.065282 tokengt_graph:2.510484 memory:1.391632 toric:7.469770 vb1d:0.701232 bgg:0.174916 koszul:0.046772 cca:1.518710 derived:3.719229
step:202/1000 train_loss:1.1732 train_bpb:0.6837 train_bpt:1.6926 train_time:334751ms step_avg:1657.18ms aux_stage:0.0200
step:203/1000 train_loss:1.1817 train_bpb:0.6812 train_bpt:1.7049 train_time:336174ms step_avg:1656.03ms aux_stage:0.0200 mtp:10.718651 mtp_w:0.0001
step:204/1000 train_loss:1.1640 train_bpb:0.6793 train_bpt:1.6793 train_time:337605ms step_avg:1654.93ms aux_stage:0.0200
step:205/1000 train_loss:1.1512 train_bpb:0.6678 train_bpt:1.6609 train_time:340482ms step_avg:1660.89ms aux_stage:0.0200 graph_lm_loss:0.399507 graph_lm_bpb:0.3825 graph_lm_w:0.0011 oai_gfn:2.343011 gfn_H:0.9931 gfn_R:0.2095 oai_fot:5.382937 fot_H:0.9996 fot_R:0.5642 fot_div:0.8203 mtp:14.196486 mtp_w:0.0001 sidecar_loss:0.000001 graphcg:0.011343 analogy:0.065810 tokengt_graph:2.367242 memory:1.423163 toric:7.900245 vb1d:0.752582 bgg:0.173524 koszul:0.044960 cca:1.748823 derived:3.705487
step:206/1000 train_loss:1.1439 train_bpb:0.6747 train_bpt:1.6503 train_time:341618ms step_avg:1658.34ms aux_stage:0.0200
step:207/1000 train_loss:1.1394 train_bpb:0.6573 train_bpt:1.6437 train_time:343018ms step_avg:1657.09ms aux_stage:0.0200 mtp:11.835206 mtp_w:0.0001
step:208/1000 train_loss:1.1396 train_bpb:0.6676 train_bpt:1.6440 train_time:344424ms step_avg:1655.88ms aux_stage:0.0200
step:209/1000 train_loss:1.1571 train_bpb:0.6865 train_bpt:1.6693 train_time:347033ms step_avg:1660.44ms aux_stage:0.0050 graph_lm_loss:0.946755 graph_lm_bpb:0.8426 graph_lm_w:0.0003 oai_gfn:1.521399 gfn_H:0.9921 gfn_R:0.3041 oai_fot:5.492724 fot_H:1.0000 fot_R:0.5583 fot_div:0.8047 mtp:14.711038 mtp_w:0.0000 sidecar_loss:0.000000 graphcg:0.011440 analogy:0.065952 tokengt_graph:2.199746 memory:1.524162 toric:8.413957 vb1d:0.746791 bgg:0.175524 koszul:0.043313 cca:1.701977 derived:3.723028
step:210/1000 train_loss:1.1597 train_bpb:0.6797 train_bpt:1.6731 train_time:348195ms step_avg:1658.07ms aux_stage:0.0200
step:211/1000 train_loss:1.1387 train_bpb:0.6684 train_bpt:1.6429 train_time:349595ms step_avg:1656.85ms aux_stage:0.0200 mtp:13.606585 mtp_w:0.0001
step:212/1000 train_loss:1.1480 train_bpb:0.6709 train_bpt:1.6562 train_time:351014ms step_avg:1655.73ms aux_stage:0.0200
step:213/1000 train_loss:1.1520 train_bpb:0.6748 train_bpt:1.6620 train_time:353595ms step_avg:1660.07ms aux_stage:0.0200 graph_lm_loss:0.670069 graph_lm_bpb:0.6337 graph_lm_w:0.0011 oai_gfn:4.124139 gfn_H:0.9932 gfn_R:0.1308 oai_fot:4.994101 fot_H:0.9999 fot_R:0.5239 fot_div:0.8438 mtp:13.263643 mtp_w:0.0001 sidecar_loss:0.000001 graphcg:0.011560 analogy:0.065787 tokengt_graph:2.293442 memory:1.590737 toric:8.342194 vb1d:0.732861 bgg:0.168323 koszul:0.041933 cca:1.706633 derived:3.761367
step:214/1000 train_loss:1.1576 train_bpb:0.6806 train_bpt:1.6701 train_time:354783ms step_avg:1657.86ms aux_stage:0.0050
step:215/1000 train_loss:1.1561 train_bpb:0.6719 train_bpt:1.6679 train_time:356186ms step_avg:1656.68ms aux_stage:0.0200 mtp:14.873374 mtp_w:0.0001
step:216/1000 train_loss:1.1299 train_bpb:0.6576 train_bpt:1.6301 train_time:357624ms step_avg:1655.67ms aux_stage:0.0200
step:217/1000 train_loss:1.1895 train_bpb:0.7040 train_bpt:1.7161 train_time:360198ms step_avg:1659.90ms aux_stage:0.0050 graph_lm_loss:0.414738 graph_lm_bpb:0.3963 graph_lm_w:0.0003 oai_gfn:3.991905 gfn_H:0.9933 gfn_R:0.1335 oai_fot:4.574809 fot_H:0.9999 fot_R:0.6357 fot_div:0.8125 mtp:14.063010 mtp_w:0.0000 sidecar_loss:0.000000 graphcg:0.011249 analogy:0.065719 tokengt_graph:2.355740 memory:1.357598 toric:8.184103 vb1d:0.705048 bgg:0.167322 koszul:0.045219 cca:1.388569 derived:3.696739
step:218/1000 train_loss:1.1417 train_bpb:0.6681 train_bpt:1.6471 train_time:361389ms step_avg:1657.75ms aux_stage:0.0200
step:219/1000 train_loss:1.1431 train_bpb:0.6631 train_bpt:1.6491 train_time:362784ms step_avg:1656.55ms aux_stage:0.0200 mtp:15.439249 mtp_w:0.0001
step:220/1000 train_loss:1.1094 train_bpb:0.6482 train_bpt:1.6005 train_time:364233ms step_avg:1655.60ms aux_stage:0.0200
step:221/1000 train_loss:1.1306 train_bpb:0.6540 train_bpt:1.6311 train_time:366849ms step_avg:1659.95ms aux_stage:0.0200 graph_lm_loss:0.812771 graph_lm_bpb:0.7120 graph_lm_w:0.0011 oai_gfn:3.579664 gfn_H:0.9937 gfn_R:0.1474 oai_fot:4.926278 fot_H:0.9998 fot_R:0.6231 fot_div:0.8750 mtp:16.202572 mtp_w:0.0001 sidecar_loss:0.000002 graphcg:0.011545 analogy:0.066086 tokengt_graph:2.405647 memory:1.454253 toric:8.846540 vb1d:0.692651 bgg:0.166612 koszul:0.049125 cca:1.642883 derived:3.687934
step:222/1000 train_loss:1.1185 train_bpb:0.6495 train_bpt:1.6136 train_time:368039ms step_avg:1657.83ms aux_stage:0.0200
step:223/1000 train_loss:1.1639 train_bpb:0.6783 train_bpt:1.6791 train_time:369464ms step_avg:1656.79ms aux_stage:0.0050 mtp:12.598385 mtp_w:0.0000
step:224/1000 train_loss:1.1225 train_bpb:0.6545 train_bpt:1.6195 train_time:370896ms step_avg:1655.79ms aux_stage:0.0200
step:225/1000 train_loss:1.1608 train_bpb:0.6851 train_bpt:1.6747 train_time:373490ms step_avg:1659.95ms aux_stage:0.0050 graph_lm_loss:0.924811 graph_lm_bpb:0.8135 graph_lm_w:0.0003 oai_gfn:2.643913 gfn_H:0.9929 gfn_R:0.1885 oai_fot:5.035324 fot_H:0.9998 fot_R:0.4600 fot_div:0.8203 mtp:13.555756 mtp_w:0.0000 sidecar_loss:0.000000 graphcg:0.011533 analogy:0.066236 tokengt_graph:2.441125 memory:1.342367 toric:9.481993 vb1d:0.737115 bgg:0.167921 koszul:0.046256 cca:1.761129 derived:3.784518
step:226/1000 train_loss:1.1506 train_bpb:0.6741 train_bpt:1.6600 train_time:374666ms step_avg:1657.82ms aux_stage:0.0050
step:227/1000 train_loss:1.1132 train_bpb:0.6498 train_bpt:1.6060 train_time:376093ms step_avg:1656.80ms aux_stage:0.0200 mtp:12.175514 mtp_w:0.0001
step:228/1000 train_loss:1.1396 train_bpb:0.6696 train_bpt:1.6440 train_time:377539ms step_avg:1655.87ms aux_stage:0.0050
step:229/1000 train_loss:1.1093 train_bpb:0.6412 train_bpt:1.6004 train_time:380151ms step_avg:1660.05ms aux_stage:0.0200 graph_lm_loss:0.646793 graph_lm_bpb:0.5866 graph_lm_w:0.0011 oai_gfn:2.474906 gfn_H:0.9926 gfn_R:0.2132 oai_fot:5.296617 fot_H:0.9999 fot_R:0.3713 fot_div:0.6719 mtp:11.801230 mtp_w:0.0001 sidecar_loss:0.000002 graphcg:0.011511 analogy:0.066033 tokengt_graph:2.496338 memory:1.505829 toric:8.868912 vb1d:0.702880 bgg:0.171678 koszul:0.048737 cca:1.578982 derived:3.840984
step:230/1000 train_loss:1.1275 train_bpb:0.6573 train_bpt:1.6266 train_time:381338ms step_avg:1657.99ms aux_stage:0.0200
step:231/1000 train_loss:1.1518 train_bpb:0.6767 train_bpt:1.6617 train_time:382767ms step_avg:1657.00ms aux_stage:0.0050 mtp:12.417018 mtp_w:0.0000
step:232/1000 train_loss:1.1267 train_bpb:0.6523 train_bpt:1.6255 train_time:384228ms step_avg:1656.15ms aux_stage:0.0200
step:233/1000 train_loss:1.0995 train_bpb:0.6522 train_bpt:1.5862 train_time:386848ms step_avg:1660.29ms aux_stage:0.0200 graph_lm_loss:0.383557 graph_lm_bpb:0.3697 graph_lm_w:0.0012 oai_gfn:2.718400 gfn_H:0.9932 gfn_R:0.1852 oai_fot:4.743455 fot_H:0.9998 fot_R:0.5668 fot_div:0.7422 mtp:11.491869 mtp_w:0.0001 sidecar_loss:0.000002 graphcg:0.011162 analogy:0.065962 tokengt_graph:2.482267 memory:1.368417 toric:8.662261 vb1d:0.745918 bgg:0.173703 koszul:0.044581 cca:1.590127 derived:3.728781
step:234/1000 train_loss:1.1227 train_bpb:0.6588 train_bpt:1.6197 train_time:388045ms step_avg:1658.31ms aux_stage:0.0200
step:235/1000 train_loss:1.0971 train_bpb:0.6403 train_bpt:1.5828 train_time:389451ms step_avg:1657.24ms aux_stage:0.0200 mtp:14.021564 mtp_w:0.0001
step:236/1000 train_loss:1.0703 train_bpb:0.6268 train_bpt:1.5441 train_time:390952ms step_avg:1656.58ms aux_stage:0.0200
step:237/1000 train_loss:1.1121 train_bpb:0.6537 train_bpt:1.6044 train_time:393549ms step_avg:1660.54ms aux_stage:0.0200 graph_lm_loss:1.046061 graph_lm_bpb:0.8026 graph_lm_w:0.0012 oai_gfn:2.239029 gfn_H:0.9929 gfn_R:0.2113 oai_fot:5.131929 fot_H:1.0000 fot_R:0.5221 fot_div:0.8281 mtp:14.169910 mtp_w:0.0001 sidecar_loss:0.000002 graphcg:0.011254 analogy:0.065932 tokengt_graph:2.393268 memory:1.584261 toric:8.198548 vb1d:0.740626 bgg:0.168392 koszul:0.047677 cca:1.625412 derived:3.710845
step:238/1000 train_loss:1.1084 train_bpb:0.6601 train_bpt:1.5991 train_time:394705ms step_avg:1658.42ms aux_stage:0.0050
step:239/1000 train_loss:1.1070 train_bpb:0.6449 train_bpt:1.5971 train_time:396145ms step_avg:1657.51ms aux_stage:0.0200 mtp:16.475046 mtp_w:0.0001
step:240/1000 train_loss:1.1472 train_bpb:0.6754 train_bpt:1.6551 train_time:397599ms step_avg:1656.66ms aux_stage:0.0050
step:241/1000 train_loss:1.1234 train_bpb:0.6551 train_bpt:1.6207 train_time:400211ms step_avg:1660.63ms aux_stage:0.0200 graph_lm_loss:0.844614 graph_lm_bpb:0.7403 graph_lm_w:0.0012 oai_gfn:3.275113 gfn_H:0.9935 gfn_R:0.1608 oai_fot:4.859796 fot_H:0.9995 fot_R:0.5760 fot_div:0.7148 mtp:13.900148 mtp_w:0.0001 sidecar_loss:0.000002 graphcg:0.011399 analogy:0.065778 tokengt_graph:2.281411 memory:1.464684 toric:8.159534 vb1d:0.702717 bgg:0.169174 koszul:0.044609 cca:1.593841 derived:3.686271
step:242/1000 train_loss:1.1175 train_bpb:0.6499 train_bpt:1.6121 train_time:401399ms step_avg:1658.67ms aux_stage:0.0200
step:243/1000 train_loss:1.1008 train_bpb:0.6484 train_bpt:1.5881 train_time:402797ms step_avg:1657.60ms aux_stage:0.0200 mtp:12.413918 mtp_w:0.0001
step:244/1000 train_loss:1.1168 train_bpb:0.6636 train_bpt:1.6112 train_time:404250ms step_avg:1656.76ms aux_stage:0.0050
step:245/1000 train_loss:1.1057 train_bpb:0.6397 train_bpt:1.5952 train_time:406851ms step_avg:1660.62ms aux_stage:0.0200 graph_lm_loss:0.757795 graph_lm_bpb:0.6722 graph_lm_w:0.0012 oai_gfn:2.400121 gfn_H:0.9922 gfn_R:0.2147 oai_fot:4.372256 fot_H:0.9992 fot_R:0.7980 fot_div:0.8516 mtp:15.691895 mtp_w:0.0001 sidecar_loss:0.000002 graphcg:0.011502 analogy:0.065779 tokengt_graph:2.200206 memory:1.386868 toric:8.011225 vb1d:0.704187 bgg:0.166705 koszul:0.043200 cca:1.535052 derived:3.625634
step:246/1000 train_loss:1.1203 train_bpb:0.6590 train_bpt:1.6162 train_time:408005ms step_avg:1658.56ms aux_stage:0.0050
step:247/1000 train_loss:1.1152 train_bpb:0.6477 train_bpt:1.6089 train_time:409428ms step_avg:1657.60ms aux_stage:0.0200 mtp:14.113647 mtp_w:0.0001
step:248/1000 train_loss:1.1217 train_bpb:0.6484 train_bpt:1.6183 train_time:410889ms step_avg:1656.81ms aux_stage:0.0200
step:249/1000 train_loss:1.1144 train_bpb:0.6458 train_bpt:1.6078 train_time:413495ms step_avg:1660.62ms aux_stage:0.0200 graph_lm_loss:0.842513 graph_lm_bpb:0.7192 graph_lm_w:0.0012 oai_gfn:3.447023 gfn_H:0.9934 gfn_R:0.1508 oai_fot:6.062529 fot_H:0.9998 fot_R:0.3559 fot_div:0.6875 mtp:13.348090 mtp_w:0.0001 sidecar_loss:0.000002 graphcg:0.011306 analogy:0.066117 tokengt_graph:2.252974 memory:1.459249 toric:8.085042 vb1d:0.706501 bgg:0.166156 koszul:0.049345 cca:1.510186 derived:3.729826
step:250/1000 train_loss:1.0754 train_bpb:0.6286 train_bpt:1.5515 train_time:414671ms step_avg:1658.68ms aux_stage:0.0200
step:251/1000 train_loss:1.0718 train_bpb:0.6278 train_bpt:1.5463 train_time:416093ms step_avg:1657.74ms aux_stage:0.0200 mtp:12.835265 mtp_w:0.0001
step:252/1000 train_loss:1.0945 train_bpb:0.6408 train_bpt:1.5790 train_time:417532ms step_avg:1656.87ms aux_stage:0.0220
step:253/1000 train_loss:1.0795 train_bpb:0.6281 train_bpt:1.5574 train_time:420140ms step_avg:1660.63ms aux_stage:0.0239 graph_lm_loss:0.464404 graph_lm_bpb:0.4412 graph_lm_w:0.0015 oai_gfn:2.241611 gfn_H:0.9927 gfn_R:0.2244 oai_fot:5.095329 fot_H:1.0000 fot_R:0.5469 fot_div:0.7344 mtp:14.792810 mtp_w:0.0001 sidecar_loss:0.000002 graphcg:0.011537 analogy:0.065920 tokengt_graph:2.421711 memory:1.515072 toric:9.348955 vb1d:0.725143 bgg:0.171122 koszul:0.044899 cca:1.772595 derived:3.736237
step:254/1000 train_loss:1.1184 train_bpb:0.6504 train_bpt:1.6135 train_time:421299ms step_avg:1658.66ms aux_stage:0.0065
step:255/1000 train_loss:1.0846 train_bpb:0.6331 train_bpt:1.5648 train_time:422707ms step_avg:1657.67ms aux_stage:0.0278 mtp:12.454558 mtp_w:0.0001
step:256/1000 train_loss:1.0787 train_bpb:0.6323 train_bpt:1.5562 train_time:424168ms step_avg:1656.90ms aux_stage:0.0298
step:257/1000 train_loss:1.0908 train_bpb:0.6399 train_bpt:1.5737 train_time:427059ms step_avg:1661.71ms aux_stage:0.0318 graph_lm_loss:0.965395 graph_lm_bpb:0.7954 graph_lm_w:0.0019 oai_gfn:1.922313 gfn_H:0.9920 gfn_R:0.2440 oai_fot:4.722570 fot_H:0.9997 fot_R:0.7043 fot_div:0.7500 mtp:13.313807 mtp_w:0.0001 sidecar_loss:0.000003 graphcg:0.011396 analogy:0.065944 tokengt_graph:2.372972 memory:1.510047 toric:8.731504 vb1d:0.719257 bgg:0.171450 koszul:0.045584 cca:1.740991 derived:3.702735
step:258/1000 train_loss:1.1089 train_bpb:0.6484 train_bpt:1.5998 train_time:428186ms step_avg:1659.64ms aux_stage:0.0084
step:259/1000 train_loss:1.1310 train_bpb:0.6633 train_bpt:1.6317 train_time:429560ms step_avg:1658.53ms aux_stage:0.0089 mtp:13.479278 mtp_w:0.0000
step:260/1000 train_loss:1.0769 train_bpb:0.6289 train_bpt:1.5537 train_time:431009ms step_avg:1657.73ms aux_stage:0.0376
step:261/1000 train_loss:1.0918 train_bpb:0.6421 train_bpt:1.5752 train_time:433598ms step_avg:1661.29ms aux_stage:0.0396 graph_lm_loss:0.365947 graph_lm_bpb:0.3450 graph_lm_w:0.0025 oai_gfn:1.702691 gfn_H:0.9920 gfn_R:0.2509 oai_fot:4.458923 fot_H:0.9995 fot_R:0.7767 fot_div:0.7969 mtp:16.594854 mtp_w:0.0001 sidecar_loss:0.000004 graphcg:0.011385 analogy:0.065874 tokengt_graph:2.310480 memory:1.319548 toric:7.611751 vb1d:0.706437 bgg:0.164982 koszul:0.049233 cca:1.584741 derived:3.739967
step:262/1000 train_loss:1.0834 train_bpb:0.6339 train_bpt:1.5630 train_time:434779ms step_avg:1659.46ms aux_stage:0.0416
step:263/1000 train_loss:1.1105 train_bpb:0.6543 train_bpt:1.6021 train_time:436160ms step_avg:1658.40ms aux_stage:0.0109 mtp:12.942479 mtp_w:0.0000
step:264/1000 train_loss:1.0988 train_bpb:0.6431 train_bpt:1.5853 train_time:437622ms step_avg:1657.66ms aux_stage:0.0455
step:265/1000 train_loss:1.1084 train_bpb:0.6538 train_bpt:1.5990 train_time:440223ms step_avg:1661.22ms aux_stage:0.0119 graph_lm_loss:0.820056 graph_lm_bpb:0.6677 graph_lm_w:0.0007 oai_gfn:1.460250 gfn_H:0.9930 gfn_R:0.2908 oai_fot:4.717480 fot_H:0.9999 fot_R:0.6259 fot_div:0.8125 mtp:13.857390 mtp_w:0.0000 sidecar_loss:0.000001 graphcg:0.011096 analogy:0.065741 tokengt_graph:2.129412 memory:1.559331 toric:8.223803 vb1d:0.741709 bgg:0.165342 koszul:0.042029 cca:1.534074 derived:3.674197
step:266/1000 train_loss:1.1005 train_bpb:0.6428 train_bpt:1.5876 train_time:441410ms step_avg:1659.44ms aux_stage:0.0494
step:267/1000 train_loss:1.0848 train_bpb:0.6363 train_bpt:1.5650 train_time:442822ms step_avg:1658.51ms aux_stage:0.0514 mtp:16.265514 mtp_w:0.0002
step:268/1000 train_loss:1.0879 train_bpb:0.6371 train_bpt:1.5695 train_time:444277ms step_avg:1657.75ms aux_stage:0.0533
step:269/1000 train_loss:1.0981 train_bpb:0.6413 train_bpt:1.5842 train_time:446900ms step_avg:1661.34ms aux_stage:0.0553 graph_lm_loss:0.803896 graph_lm_bpb:0.6957 graph_lm_w:0.0035 oai_gfn:2.631176 gfn_H:0.9928 gfn_R:0.2060 oai_fot:4.741059 fot_H:0.9995 fot_R:0.6581 fot_div:0.7695 mtp:15.511463 mtp_w:0.0002 sidecar_loss:0.000006 graphcg:0.011329 analogy:0.065526 tokengt_graph:2.301574 memory:1.552172 toric:8.477883 vb1d:0.745847 bgg:0.172474 koszul:0.042921 cca:1.697571 derived:3.733852
step:270/1000 train_loss:1.0902 train_bpb:0.6381 train_bpt:1.5728 train_time:448077ms step_avg:1659.55ms aux_stage:0.0572
step:271/1000 train_loss:1.0801 train_bpb:0.6364 train_bpt:1.5583 train_time:449478ms step_avg:1658.59ms aux_stage:0.0592 mtp:12.243753 mtp_w:0.0002
step:272/1000 train_loss:1.0821 train_bpb:0.6290 train_bpt:1.5612 train_time:450928ms step_avg:1657.83ms aux_stage:0.0612
step:273/1000 train_loss:1.0890 train_bpb:0.6386 train_bpt:1.5710 train_time:453552ms step_avg:1661.36ms aux_stage:0.0631 graph_lm_loss:0.734526 graph_lm_bpb:0.6357 graph_lm_w:0.0040 oai_gfn:4.103240 gfn_H:0.9918 gfn_R:0.1273 oai_fot:4.847774 fot_H:0.9997 fot_R:0.6066 fot_div:0.7305 mtp:13.389277 mtp_w:0.0002 sidecar_loss:0.000006 graphcg:0.011457 analogy:0.065341 tokengt_graph:2.274796 memory:1.422923 toric:8.017509 vb1d:0.758005 bgg:0.166355 koszul:0.044188 cca:1.441092 derived:3.708009
step:274/1000 train_loss:1.0982 train_bpb:0.6489 train_bpt:1.5844 train_time:454719ms step_avg:1659.56ms aux_stage:0.0163
step:275/1000 train_loss:1.0796 train_bpb:0.6351 train_bpt:1.5575 train_time:456170ms step_avg:1658.80ms aux_stage:0.0670 mtp:15.558465 mtp_w:0.0002
step:276/1000 train_loss:1.0667 train_bpb:0.6212 train_bpt:1.5389 train_time:457612ms step_avg:1658.01ms aux_stage:0.0690
step:277/1000 train_loss:1.0668 train_bpb:0.6252 train_bpt:1.5390 train_time:460239ms step_avg:1661.51ms aux_stage:0.0710 graph_lm_loss:0.723257 graph_lm_bpb:0.5864 graph_lm_w:0.0046 oai_gfn:1.736207 gfn_H:0.9914 gfn_R:0.2600 oai_fot:4.579304 fot_H:0.9998 fot_R:0.6524 fot_div:0.7266 mtp:13.151004 mtp_w:0.0002 sidecar_loss:0.000008 graphcg:0.011183 analogy:0.065635 tokengt_graph:2.197962 memory:1.416952 toric:8.121888 vb1d:0.725008 bgg:0.165508 koszul:0.043369 cca:1.756089 derived:3.685230
step:278/1000 train_loss:1.0726 train_bpb:0.6321 train_bpt:1.5474 train_time:461435ms step_avg:1659.84ms aux_stage:0.0729
step:279/1000 train_loss:1.0859 train_bpb:0.6327 train_bpt:1.5666 train_time:462826ms step_avg:1658.88ms aux_stage:0.0749 mtp:15.909152 mtp_w:0.0002
step:280/1000 train_loss:1.0927 train_bpb:0.6428 train_bpt:1.5765 train_time:464294ms step_avg:1658.19ms aux_stage:0.0192
step:281/1000 train_loss:1.0438 train_bpb:0.6167 train_bpt:1.5059 train_time:466901ms step_avg:1661.57ms aux_stage:0.0788 graph_lm_loss:0.615401 graph_lm_bpb:0.5157 graph_lm_w:0.0051 oai_gfn:4.364903 gfn_H:0.9929 gfn_R:0.1213 oai_fot:5.704600 fot_H:0.9996 fot_R:0.5067 fot_div:0.7227 mtp:13.798245 mtp_w:0.0002 sidecar_loss:0.000008 graphcg:0.011430 analogy:0.065753 tokengt_graph:2.125956 memory:1.420613 toric:7.956131 vb1d:0.738120 bgg:0.168768 koszul:0.039472 cca:1.626880 derived:3.606029
step:282/1000 train_loss:1.0589 train_bpb:0.6172 train_bpt:1.5277 train_time:468059ms step_avg:1659.78ms aux_stage:0.0808
step:283/1000 train_loss:1.0691 train_bpb:0.6200 train_bpt:1.5423 train_time:469466ms step_avg:1658.89ms aux_stage:0.0827 mtp:13.481509 mtp_w:0.0002
step:284/1000 train_loss:1.0849 train_bpb:0.6369 train_bpt:1.5652 train_time:470899ms step_avg:1658.09ms aux_stage:0.0212
step:285/1000 train_loss:1.0563 train_bpb:0.6115 train_bpt:1.5240 train_time:473498ms step_avg:1661.40ms aux_stage:0.0866 graph_lm_loss:0.578537 graph_lm_bpb:0.4787 graph_lm_w:0.0057 oai_gfn:3.055924 gfn_H:0.9928 gfn_R:0.1734 oai_fot:4.810544 fot_H:0.9996 fot_R:0.6869 fot_div:0.6562 mtp:14.452559 mtp_w:0.0003 sidecar_loss:0.000009 graphcg:0.011517 analogy:0.065290 tokengt_graph:2.309598 memory:1.359136 toric:8.392300 vb1d:0.685745 bgg:0.160590 koszul:0.048581 cca:1.488028 derived:3.629539
step:286/1000 train_loss:1.0776 train_bpb:0.6298 train_bpt:1.5547 train_time:474680ms step_avg:1659.72ms aux_stage:0.0886
step:287/1000 train_loss:1.0688 train_bpb:0.6271 train_bpt:1.5420 train_time:476077ms step_avg:1658.80ms aux_stage:0.0906 mtp:12.198342 mtp_w:0.0003
step:288/1000 train_loss:1.1071 train_bpb:0.6473 train_bpt:1.5972 train_time:477502ms step_avg:1657.99ms aux_stage:0.0231
step:289/1000 train_loss:1.0682 train_bpb:0.6259 train_bpt:1.5410 train_time:480094ms step_avg:1661.23ms aux_stage:0.0945 graph_lm_loss:0.216729 graph_lm_bpb:0.2070 graph_lm_w:0.0063 oai_gfn:1.619364 gfn_H:0.9937 gfn_R:0.2675 oai_fot:4.828472 fot_H:0.9962 fot_R:0.6644 fot_div:0.7266 mtp:15.440001 mtp_w:0.0003 sidecar_loss:0.000010 graphcg:0.011364 analogy:0.065855 tokengt_graph:2.290754 memory:1.318435 toric:8.417404 vb1d:0.752818 bgg:0.162375 koszul:0.043517 cca:1.684757 derived:3.671030
step:290/1000 train_loss:1.0691 train_bpb:0.6303 train_bpt:1.5424 train_time:481265ms step_avg:1659.53ms aux_stage:0.0964
step:291/1000 train_loss:1.0436 train_bpb:0.6143 train_bpt:1.5056 train_time:482680ms step_avg:1658.69ms aux_stage:0.0984 mtp:12.250690 mtp_w:0.0003
step:292/1000 train_loss:1.0883 train_bpb:0.6358 train_bpt:1.5700 train_time:484129ms step_avg:1657.98ms aux_stage:0.0251
step:293/1000 train_loss:1.0761 train_bpb:0.6318 train_bpt:1.5524 train_time:486766ms step_avg:1661.32ms aux_stage:0.0256 graph_lm_loss:0.681297 graph_lm_bpb:0.5544 graph_lm_w:0.0017 oai_gfn:3.360155 gfn_H:0.9922 gfn_R:0.1553 oai_fot:5.028917 fot_H:0.9991 fot_R:0.6613 fot_div:0.7773 mtp:16.080664 mtp_w:0.0001 sidecar_loss:0.000003 graphcg:0.011163 analogy:0.065824 tokengt_graph:2.024389 memory:1.553916 toric:7.764982 vb1d:0.718307 bgg:0.178516 koszul:0.036918 cca:1.587543 derived:3.651235
step:294/1000 train_loss:1.0488 train_bpb:0.6119 train_bpt:1.5131 train_time:487939ms step_avg:1659.66ms aux_stage:0.1043
step:295/1000 train_loss:1.0440 train_bpb:0.6152 train_bpt:1.5061 train_time:489343ms step_avg:1658.79ms aux_stage:0.1062 mtp:11.964520 mtp_w:0.0003
step:296/1000 train_loss:1.0743 train_bpb:0.6286 train_bpt:1.5499 train_time:490797ms step_avg:1658.10ms aux_stage:0.0271
step:297/1000 train_loss:1.0547 train_bpb:0.6218 train_bpt:1.5217 train_time:493401ms step_avg:1661.28ms aux_stage:0.1102 graph_lm_loss:0.379808 graph_lm_bpb:0.3541 graph_lm_w:0.0074 oai_gfn:1.610107 gfn_H:0.9914 gfn_R:0.2745 oai_fot:4.691104 fot_H:0.9980 fot_R:0.8035 fot_div:0.7500 mtp:14.947222 mtp_w:0.0003 sidecar_loss:0.000013 graphcg:0.011256 analogy:0.065566 tokengt_graph:2.356792 memory:1.171951 toric:8.158808 vb1d:0.723495 bgg:0.165383 koszul:0.041088 cca:1.575198 derived:3.639857
step:298/1000 train_loss:1.0735 train_bpb:0.6285 train_bpt:1.5487 train_time:494597ms step_avg:1659.72ms aux_stage:0.0280
step:299/1000 train_loss:1.0816 train_bpb:0.6324 train_bpt:1.5604 train_time:496014ms step_avg:1658.91ms aux_stage:0.0285 mtp:12.017838 mtp_w:0.0001
step:300/1000 train_loss:1.0612 train_bpb:0.6238 train_bpt:1.5310 train_time:497475ms step_avg:1658.25ms aux_stage:0.1160
step:301/1000 train_loss:1.0455 train_bpb:0.6076 train_bpt:1.5083 train_time:500103ms step_avg:1661.47ms aux_stage:0.1180 graph_lm_loss:0.248194 graph_lm_bpb:0.2384 graph_lm_w:0.0080 oai_gfn:3.130748 gfn_H:0.9913 gfn_R:0.1568 oai_fot:5.309251 fot_H:0.9983 fot_R:0.4834 fot_div:0.7266 mtp:12.766601 mtp_w:0.0004 sidecar_loss:0.000013 graphcg:0.011215 analogy:0.065720 tokengt_graph:2.216933 memory:1.429293 toric:8.468392 vb1d:0.748014 bgg:0.165853 koszul:0.043761 cca:1.507921 derived:3.634463
step:302/1000 train_loss:1.0711 train_bpb:0.6324 train_bpt:1.5452 train_time:501285ms step_avg:1659.89ms aux_stage:0.0300
step:303/1000 train_loss:1.0711 train_bpb:0.6271 train_bpt:1.5452 train_time:502745ms step_avg:1659.23ms aux_stage:0.0305 mtp:13.291738 mtp_w:0.0001
step:304/1000 train_loss:1.0607 train_bpb:0.6190 train_bpt:1.5302 train_time:504205ms step_avg:1658.57ms aux_stage:0.1239
step:305/1000 train_loss:1.0962 train_bpb:0.6374 train_bpt:1.5815 train_time:506834ms step_avg:1661.75ms aux_stage:0.0315 graph_lm_loss:0.653748 graph_lm_bpb:0.5429 graph_lm_w:0.0022 oai_gfn:2.302920 gfn_H:0.9915 gfn_R:0.2170 oai_fot:4.894988 fot_H:1.0000 fot_R:0.5919 fot_div:0.6250 mtp:13.108504 mtp_w:0.0001 sidecar_loss:0.000004 graphcg:0.011151 analogy:0.065770 tokengt_graph:2.245238 memory:1.364871 toric:7.954051 vb1d:0.724560 bgg:0.165144 koszul:0.038841 cca:1.691293 derived:3.659481
step:306/1000 train_loss:1.0156 train_bpb:0.5960 train_bpt:1.4652 train_time:508023ms step_avg:1660.20ms aux_stage:0.1278
step:307/1000 train_loss:1.0419 train_bpb:0.6115 train_bpt:1.5031 train_time:509434ms step_avg:1659.39ms aux_stage:0.1298 mtp:16.455523 mtp_w:0.0004
step:308/1000 train_loss:1.0634 train_bpb:0.6245 train_bpt:1.5342 train_time:510902ms step_avg:1658.77ms aux_stage:0.0329
step:309/1000 train_loss:1.0604 train_bpb:0.6214 train_bpt:1.5298 train_time:513826ms step_avg:1662.87ms aux_stage:0.1337 graph_lm_loss:0.376990 graph_lm_bpb:0.3449 graph_lm_w:0.0093 oai_gfn:2.011170 gfn_H:0.9922 gfn_R:0.2321 oai_fot:5.058962 fot_H:0.9990 fot_R:0.5897 fot_div:0.7266 mtp:13.844285 mtp_w:0.0004 sidecar_loss:0.000017 graphcg:0.011042 analogy:0.065970 tokengt_graph:2.259105 memory:1.289041 toric:8.762914 vb1d:0.742815 bgg:0.168833 koszul:0.040088 cca:1.648018 derived:3.597892
step:310/1000 train_loss:1.0353 train_bpb:0.6048 train_bpt:1.4936 train_time:514958ms step_avg:1661.16ms aux_stage:0.1356
step:311/1000 train_loss:1.0584 train_bpb:0.6188 train_bpt:1.5269 train_time:516337ms step_avg:1660.25ms aux_stage:0.1376 mtp:14.829064 mtp_w:0.0004
step:312/1000 train_loss:1.0473 train_bpb:0.6110 train_bpt:1.5110 train_time:517760ms step_avg:1659.49ms aux_stage:0.1396
step:313/1000 train_loss:1.0541 train_bpb:0.6180 train_bpt:1.5207 train_time:520350ms step_avg:1662.46ms aux_stage:0.1415 graph_lm_loss:0.414523 graph_lm_bpb:0.3719 graph_lm_w:0.0099 oai_gfn:2.776979 gfn_H:0.9923 gfn_R:0.1834 oai_fot:4.484458 fot_H:0.9997 fot_R:0.7909 fot_div:0.7109 mtp:16.667549 mtp_w:0.0004 sidecar_loss:0.000016 graphcg:0.011414 analogy:0.066145 tokengt_graph:2.059571 memory:1.475600 toric:8.431587 vb1d:0.694068 bgg:0.179947 koszul:0.044247 cca:1.527187 derived:3.577645
step:314/1000 train_loss:1.0415 train_bpb:0.6127 train_bpt:1.5025 train_time:521535ms step_avg:1660.94ms aux_stage:0.1435
step:315/1000 train_loss:1.0396 train_bpb:0.6084 train_bpt:1.4998 train_time:522987ms step_avg:1660.28ms aux_stage:0.1454 mtp:15.328587 mtp_w:0.0004
step:316/1000 train_loss:1.0288 train_bpb:0.6044 train_bpt:1.4842 train_time:524438ms step_avg:1659.61ms aux_stage:0.1474
step:317/1000 train_loss:1.0449 train_bpb:0.6127 train_bpt:1.5074 train_time:527014ms step_avg:1662.51ms aux_stage:0.1494 graph_lm_loss:0.437484 graph_lm_bpb:0.3977 graph_lm_w:0.0106 oai_gfn:2.754564 gfn_H:0.9909 gfn_R:0.1703 oai_fot:5.313742 fot_H:1.0000 fot_R:0.5944 fot_div:0.6680 mtp:13.442290 mtp_w:0.0004 sidecar_loss:0.000017 graphcg:0.011419 analogy:0.066048 tokengt_graph:2.052585 memory:1.288604 toric:7.596527 vb1d:0.741259 bgg:0.170104 koszul:0.050120 cca:1.550037 derived:3.587855
step:318/1000 train_loss:1.0353 train_bpb:0.6100 train_bpt:1.4936 train_time:528186ms step_avg:1660.96ms aux_stage:0.1513
step:319/1000 train_loss:1.0583 train_bpb:0.6156 train_bpt:1.5268 train_time:529641ms step_avg:1660.32ms aux_stage:0.0383 mtp:13.038560 mtp_w:0.0001
step:320/1000 train_loss:1.0417 train_bpb:0.6091 train_bpt:1.5029 train_time:531085ms step_avg:1659.64ms aux_stage:0.1552
step:321/1000 train_loss:1.0323 train_bpb:0.6051 train_bpt:1.4892 train_time:533679ms step_avg:1662.55ms aux_stage:0.1572 graph_lm_loss:0.095020 graph_lm_bpb:0.0905 graph_lm_w:0.0112 oai_gfn:2.849267 gfn_H:0.9919 gfn_R:0.1790 oai_fot:4.670457 fot_H:0.9999 fot_R:0.5401 fot_div:0.6953 mtp:15.262990 mtp_w:0.0005 sidecar_loss:0.000018 graphcg:0.011200 analogy:0.065586 tokengt_graph:1.998007 memory:1.106883 toric:7.779276 vb1d:0.713563 bgg:0.163518 koszul:0.043313 cca:1.553478 derived:3.598392
step:322/1000 train_loss:1.0236 train_bpb:0.6012 train_bpt:1.4768 train_time:534879ms step_avg:1661.12ms aux_stage:0.1592
step:323/1000 train_loss:1.0952 train_bpb:0.6439 train_bpt:1.5800 train_time:536299ms step_avg:1660.37ms aux_stage:0.0403 mtp:12.570204 mtp_w:0.0001
step:324/1000 train_loss:1.0378 train_bpb:0.6081 train_bpt:1.4972 train_time:537781ms step_avg:1659.82ms aux_stage:0.1631
step:325/1000 train_loss:1.0260 train_bpb:0.6046 train_bpt:1.4803 train_time:540391ms step_avg:1662.74ms aux_stage:0.1650 graph_lm_loss:0.316138 graph_lm_bpb:0.2824 graph_lm_w:0.0119 oai_gfn:1.734091 gfn_H:0.9915 gfn_R:0.2659 oai_fot:4.605411 fot_H:0.9997 fot_R:0.8585 fot_div:0.7148 mtp:16.138489 mtp_w:0.0005 sidecar_loss:0.000018 graphcg:0.011366 analogy:0.065311 tokengt_graph:1.899024 memory:1.530697 toric:7.993193 vb1d:0.723302 bgg:0.170568 koszul:0.041615 cca:1.387285 derived:3.631649
step:326/1000 train_loss:1.0393 train_bpb:0.5972 train_bpt:1.4994 train_time:541572ms step_avg:1661.26ms aux_stage:0.1670
step:327/1000 train_loss:1.0464 train_bpb:0.6129 train_bpt:1.5097 train_time:543008ms step_avg:1660.58ms aux_stage:0.0422 mtp:16.528763 mtp_w:0.0001
step:328/1000 train_loss:1.0468 train_bpb:0.6149 train_bpt:1.5102 train_time:544455ms step_avg:1659.92ms aux_stage:0.0427
step:329/1000 train_loss:1.0487 train_bpb:0.6139 train_bpt:1.5130 train_time:547081ms step_avg:1662.86ms aux_stage:0.0432 graph_lm_loss:0.500849 graph_lm_bpb:0.4077 graph_lm_w:0.0031 oai_gfn:1.572100 gfn_H:0.9903 gfn_R:0.2680 oai_fot:4.465181 fot_H:0.9995 fot_R:0.6399 fot_div:0.7422 mtp:14.830602 mtp_w:0.0001 sidecar_loss:0.000005 graphcg:0.011269 analogy:0.065332 tokengt_graph:1.833606 memory:1.433101 toric:7.819280 vb1d:0.739309 bgg:0.173163 koszul:0.043942 cca:1.498815 derived:3.540399
step:330/1000 train_loss:1.0162 train_bpb:0.5911 train_bpt:1.4661 train_time:548265ms step_avg:1661.41ms aux_stage:0.1748
step:331/1000 train_loss:1.0271 train_bpb:0.5957 train_bpt:1.4817 train_time:549685ms step_avg:1660.68ms aux_stage:0.1768 mtp:12.981489 mtp_w:0.0005
step:332/1000 train_loss:1.0214 train_bpb:0.5980 train_bpt:1.4735 train_time:551102ms step_avg:1659.95ms aux_stage:0.1788
step:333/1000 train_loss:1.0556 train_bpb:0.6191 train_bpt:1.5230 train_time:553723ms step_avg:1662.83ms aux_stage:0.0452 graph_lm_loss:0.368813 graph_lm_bpb:0.3253 graph_lm_w:0.0033 oai_gfn:2.207315 gfn_H:0.9918 gfn_R:0.2271 oai_fot:4.704998 fot_H:0.9992 fot_R:0.5551 fot_div:0.6484 mtp:13.585885 mtp_w:0.0001 sidecar_loss:0.000005 graphcg:0.011189 analogy:0.065431 tokengt_graph:1.787965 memory:1.418251 toric:7.430370 vb1d:0.728542 bgg:0.175992 koszul:0.045126 cca:1.181247 derived:3.701265
step:334/1000 train_loss:1.0187 train_bpb:0.5973 train_bpt:1.4697 train_time:554894ms step_avg:1661.36ms aux_stage:0.1827
step:335/1000 train_loss:1.0408 train_bpb:0.6085 train_bpt:1.5016 train_time:556322ms step_avg:1660.66ms aux_stage:0.0462 mtp:12.542232 mtp_w:0.0001
step:336/1000 train_loss:1.0468 train_bpb:0.6129 train_bpt:1.5102 train_time:557787ms step_avg:1660.08ms aux_stage:0.0466
step:337/1000 train_loss:1.0229 train_bpb:0.6001 train_bpt:1.4757 train_time:560400ms step_avg:1662.91ms aux_stage:0.1886 graph_lm_loss:0.408187 graph_lm_bpb:0.3747 graph_lm_w:0.0139 oai_gfn:4.468369 gfn_H:0.9907 gfn_R:0.1172 oai_fot:6.104971 fot_H:0.9989 fot_R:0.3666 fot_div:0.5469 mtp:11.376042 mtp_w:0.0006 sidecar_loss:0.000024 graphcg:0.011028 analogy:0.065637 tokengt_graph:1.864839 memory:1.304955 toric:7.624842 vb1d:0.718117 bgg:0.163986 koszul:0.041181 cca:1.572287 derived:3.583642
step:338/1000 train_loss:1.0188 train_bpb:0.5911 train_bpt:1.4698 train_time:561570ms step_avg:1661.45ms aux_stage:0.1905
step:339/1000 train_loss:1.0342 train_bpb:0.6094 train_bpt:1.4920 train_time:563020ms step_avg:1660.83ms aux_stage:0.0481 mtp:12.636006 mtp_w:0.0001
step:340/1000 train_loss:1.0558 train_bpb:0.6172 train_bpt:1.5232 train_time:564471ms step_avg:1660.21ms aux_stage:0.0486
step:341/1000 train_loss:1.0183 train_bpb:0.5950 train_bpt:1.4691 train_time:567069ms step_avg:1662.96ms aux_stage:0.1964 graph_lm_loss:0.084355 graph_lm_bpb:0.0805 graph_lm_w:0.0146 oai_gfn:5.179146 gfn_H:0.9899 gfn_R:0.0922 oai_fot:5.423016 fot_H:0.9993 fot_R:0.4165 fot_div:0.6055 mtp:12.682277 mtp_w:0.0006 sidecar_loss:0.000024 graphcg:0.011176 analogy:0.065664 tokengt_graph:1.849276 memory:1.531977 toric:7.436878 vb1d:0.730624 bgg:0.165810 koszul:0.038824 cca:1.671190 derived:3.544284
step:342/1000 train_loss:1.0238 train_bpb:0.6013 train_bpt:1.4771 train_time:568264ms step_avg:1661.59ms aux_stage:0.1984
step:343/1000 train_loss:1.0136 train_bpb:0.5925 train_bpt:1.4623 train_time:569696ms step_avg:1660.92ms aux_stage:0.2003 mtp:11.937196 mtp_w:0.0006
step:344/1000 train_loss:1.0437 train_bpb:0.6179 train_bpt:1.5058 train_time:571184ms step_avg:1660.42ms aux_stage:0.0506
step:345/1000 train_loss:1.0305 train_bpb:0.6081 train_bpt:1.4867 train_time:573794ms step_avg:1663.17ms aux_stage:0.0511 graph_lm_loss:0.270357 graph_lm_bpb:0.2451 graph_lm_w:0.0038 oai_gfn:2.191177 gfn_H:0.9904 gfn_R:0.2182 oai_fot:4.709305 fot_H:0.9997 fot_R:0.7080 fot_div:0.6680 mtp:13.243777 mtp_w:0.0002 sidecar_loss:0.000006 graphcg:0.011305 analogy:0.065648 tokengt_graph:1.860936 memory:1.449258 toric:7.362242 vb1d:0.728758 bgg:0.164324 koszul:0.044312 cca:1.543994 derived:3.533866
step:346/1000 train_loss:1.0236 train_bpb:0.5972 train_bpt:1.4767 train_time:574966ms step_avg:1661.75ms aux_stage:0.2062
step:347/1000 train_loss:1.0230 train_bpb:0.5983 train_bpt:1.4759 train_time:576388ms step_avg:1661.06ms aux_stage:0.2082 mtp:15.281328 mtp_w:0.0006
step:348/1000 train_loss:0.9929 train_bpb:0.5819 train_bpt:1.4324 train_time:577841ms step_avg:1660.46ms aux_stage:0.2101
step:349/1000 train_loss:1.0095 train_bpb:0.5874 train_bpt:1.4564 train_time:580443ms step_avg:1663.16ms aux_stage:0.2121 graph_lm_loss:0.485537 graph_lm_bpb:0.4179 graph_lm_w:0.0161 oai_gfn:2.237208 gfn_H:0.9895 gfn_R:0.2070 oai_fot:4.786429 fot_H:0.9999 fot_R:0.7294 fot_div:0.7461 mtp:15.136079 mtp_w:0.0006 sidecar_loss:0.000024 graphcg:0.011309 analogy:0.065570 tokengt_graph:1.837317 memory:1.532996 toric:8.351536 vb1d:0.754022 bgg:0.167267 koszul:0.044202 cca:1.350812 derived:3.561584
step:350/1000 train_loss:1.0364 train_bpb:0.6010 train_bpt:1.4952 train_time:581625ms step_avg:1661.79ms aux_stage:0.0535
step:351/1000 train_loss:1.0550 train_bpb:0.6194 train_bpt:1.5220 train_time:583054ms step_avg:1661.12ms aux_stage:0.0540 mtp:13.197360 mtp_w:0.0002
step:352/1000 train_loss:1.0329 train_bpb:0.6023 train_bpt:1.4902 train_time:584499ms step_avg:1660.51ms aux_stage:0.2180
step:353/1000 train_loss:1.0207 train_bpb:0.5971 train_bpt:1.4725 train_time:587113ms step_avg:1663.21ms aux_stage:0.2199 graph_lm_loss:0.415363 graph_lm_bpb:0.3581 graph_lm_w:0.0168 oai_gfn:2.430677 gfn_H:0.9902 gfn_R:0.1897 oai_fot:5.180623 fot_H:0.9999 fot_R:0.5161 fot_div:0.6523 mtp:13.547089 mtp_w:0.0007 sidecar_loss:0.000026 graphcg:0.011300 analogy:0.065394 tokengt_graph:1.852015 memory:1.382696 toric:8.125318 vb1d:0.741448 bgg:0.166562 koszul:0.040425 cca:1.390711 derived:3.601306
step:354/1000 train_loss:1.0293 train_bpb:0.6021 train_bpt:1.4850 train_time:588296ms step_avg:1661.85ms aux_stage:0.0555
step:355/1000 train_loss:1.0420 train_bpb:0.6086 train_bpt:1.5033 train_time:589717ms step_avg:1661.17ms aux_stage:0.0560 mtp:12.338199 mtp_w:0.0002
step:356/1000 train_loss:0.9989 train_bpb:0.5871 train_bpt:1.4411 train_time:591162ms step_avg:1660.57ms aux_stage:0.2258
step:357/1000 train_loss:1.0255 train_bpb:0.5986 train_bpt:1.4795 train_time:594068ms step_avg:1664.06ms aux_stage:0.2278 graph_lm_loss:0.297639 graph_lm_bpb:0.2708 graph_lm_w:0.0175 oai_gfn:2.298033 gfn_H:0.9906 gfn_R:0.2020 oai_fot:4.823953 fot_H:1.0000 fot_R:0.6455 fot_div:0.6406 mtp:15.854594 mtp_w:0.0007 sidecar_loss:0.000028 graphcg:0.011217 analogy:0.065643 tokengt_graph:1.825075 memory:1.260655 toric:8.095275 vb1d:0.726311 bgg:0.168620 koszul:0.044453 cca:1.378058 derived:3.532781
step:358/1000 train_loss:1.0130 train_bpb:0.5920 train_bpt:1.4614 train_time:595239ms step_avg:1662.68ms aux_stage:0.2297
step:359/1000 train_loss:1.0051 train_bpb:0.5893 train_bpt:1.4501 train_time:596645ms step_avg:1661.97ms aux_stage:0.2317 mtp:14.074071 mtp_w:0.0007
step:360/1000 train_loss:1.0253 train_bpb:0.6044 train_bpt:1.4792 train_time:598079ms step_avg:1661.33ms aux_stage:0.0584
step:361/1000 train_loss:0.9904 train_bpb:0.5809 train_bpt:1.4288 train_time:600679ms step_avg:1663.93ms aux_stage:0.2356 graph_lm_loss:0.281525 graph_lm_bpb:0.2524 graph_lm_w:0.0183 oai_gfn:3.387266 gfn_H:0.9885 gfn_R:0.1406 oai_fot:5.816699 fot_H:0.9997 fot_R:0.3866 fot_div:0.5859 mtp:15.913236 mtp_w:0.0007 sidecar_loss:0.000029 graphcg:0.011158 analogy:0.065557 tokengt_graph:1.808033 memory:1.185600 toric:7.860726 vb1d:0.731221 bgg:0.163021 koszul:0.042071 cca:1.543264 derived:3.628609
step:362/1000 train_loss:1.0179 train_bpb:0.5942 train_bpt:1.4685 train_time:601886ms step_avg:1662.67ms aux_stage:0.2376
step:363/1000 train_loss:1.0213 train_bpb:0.5930 train_bpt:1.4734 train_time:603338ms step_avg:1662.09ms aux_stage:0.2395 mtp:11.681951 mtp_w:0.0007
step:364/1000 train_loss:1.0239 train_bpb:0.5982 train_bpt:1.4772 train_time:604810ms step_avg:1661.56ms aux_stage:0.0604
step:365/1000 train_loss:1.0106 train_bpb:0.5911 train_bpt:1.4580 train_time:607435ms step_avg:1664.21ms aux_stage:0.2434 graph_lm_loss:0.428734 graph_lm_bpb:0.3532 graph_lm_w:0.0191 oai_gfn:1.968076 gfn_H:0.9893 gfn_R:0.2366 oai_fot:5.163562 fot_H:0.9997 fot_R:0.5466 fot_div:0.6250 mtp:14.118043 mtp_w:0.0007 sidecar_loss:0.000028 graphcg:0.010948 analogy:0.066114 tokengt_graph:1.738976 memory:1.526874 toric:7.500674 vb1d:0.748438 bgg:0.160473 koszul:0.041555 cca:1.582999 derived:3.625944
step:366/1000 train_loss:1.0163 train_bpb:0.6010 train_bpt:1.4663 train_time:608659ms step_avg:1663.00ms aux_stage:0.0614
step:367/1000 train_loss:0.9828 train_bpb:0.5699 train_bpt:1.4179 train_time:610108ms step_avg:1662.42ms aux_stage:0.2474 mtp:12.708610 mtp_w:0.0007
step:368/1000 train_loss:1.0253 train_bpb:0.6022 train_bpt:1.4792 train_time:611584ms step_avg:1661.91ms aux_stage:0.0623
step:369/1000 train_loss:0.9915 train_bpb:0.5732 train_bpt:1.4304 train_time:614224ms step_avg:1664.56ms aux_stage:0.2513 graph_lm_loss:0.103991 graph_lm_bpb:0.0987 graph_lm_w:0.0198 oai_gfn:0.829452 gfn_H:0.9905 gfn_R:0.3872 oai_fot:4.455949 fot_H:0.9987 fot_R:0.7438 fot_div:0.6328 mtp:14.571370 mtp_w:0.0008 sidecar_loss:0.000031 graphcg:0.011035 analogy:0.065743 tokengt_graph:1.831079 memory:1.148131 toric:6.827663 vb1d:0.698480 bgg:0.165290 koszul:0.040901 cca:1.467579 derived:3.555741
step:370/1000 train_loss:1.0197 train_bpb:0.6017 train_bpt:1.4711 train_time:615416ms step_avg:1663.29ms aux_stage:0.0633
step:371/1000 train_loss:1.0284 train_bpb:0.5950 train_bpt:1.4837 train_time:616852ms step_avg:1662.67ms aux_stage:0.0638 mtp:14.501220 mtp_w:0.0002
step:372/1000 train_loss:0.9872 train_bpb:0.5725 train_bpt:1.4243 train_time:618328ms step_avg:1662.17ms aux_stage:0.2572
step:373/1000 train_loss:1.0270 train_bpb:0.5966 train_bpt:1.4817 train_time:620946ms step_avg:1664.73ms aux_stage:0.0648 graph_lm_loss:0.174099 graph_lm_bpb:0.1639 graph_lm_w:0.0052 oai_gfn:1.171016 gfn_H:0.9893 gfn_R:0.3241 oai_fot:4.916017 fot_H:0.9997 fot_R:0.6044 fot_div:0.6523 mtp:14.235959 mtp_w:0.0002 sidecar_loss:0.000008 graphcg:0.011346 analogy:0.065924 tokengt_graph:1.813794 memory:1.124155 toric:7.502948 vb1d:0.697540 bgg:0.165735 koszul:0.036711 cca:1.610439 derived:3.554971
step:374/1000 train_loss:1.0060 train_bpb:0.5849 train_bpt:1.4514 train_time:622158ms step_avg:1663.52ms aux_stage:0.2611
step:375/1000 train_loss:1.0113 train_bpb:0.5997 train_bpt:1.4591 train_time:623584ms step_avg:1662.89ms aux_stage:0.0658 mtp:16.346577 mtp_w:0.0002
step:376/1000 train_loss:1.0462 train_bpb:0.6149 train_bpt:1.5094 train_time:625062ms step_avg:1662.40ms aux_stage:0.0663
step:377/1000 train_loss:1.0152 train_bpb:0.5959 train_bpt:1.4647 train_time:627699ms step_avg:1664.98ms aux_stage:0.0667 graph_lm_loss:0.377903 graph_lm_bpb:0.3362 graph_lm_w:0.0053 oai_gfn:3.933415 gfn_H:0.9892 gfn_R:0.1360 oai_fot:4.812130 fot_H:0.9994 fot_R:0.6887 fot_div:0.6484 mtp:15.140258 mtp_w:0.0002 sidecar_loss:0.000009 graphcg:0.011104 analogy:0.065938 tokengt_graph:1.859302 memory:1.559143 toric:7.792015 vb1d:0.725093 bgg:0.168907 koszul:0.042948 cca:1.606272 derived:3.535553
step:378/1000 train_loss:0.9864 train_bpb:0.5758 train_bpt:1.4231 train_time:628913ms step_avg:1663.79ms aux_stage:0.2689
step:379/1000 train_loss:1.0206 train_bpb:0.6047 train_bpt:1.4724 train_time:630364ms step_avg:1663.23ms aux_stage:0.0677 mtp:13.602275 mtp_w:0.0002
step:380/1000 train_loss:0.9919 train_bpb:0.5829 train_bpt:1.4310 train_time:631819ms step_avg:1662.68ms aux_stage:0.2728
step:381/1000 train_loss:0.9859 train_bpb:0.5763 train_bpt:1.4223 train_time:634429ms step_avg:1665.17ms aux_stage:0.2748 graph_lm_loss:0.177041 graph_lm_bpb:0.1640 graph_lm_w:0.0220 oai_gfn:2.386243 gfn_H:0.9900 gfn_R:0.2031 oai_fot:5.891346 fot_H:0.9990 fot_R:0.5413 fot_div:0.6797 mtp:14.269962 mtp_w:0.0008 sidecar_loss:0.000035 graphcg:0.011416 analogy:0.065580 tokengt_graph:1.880509 memory:1.428036 toric:7.039231 vb1d:0.733451 bgg:0.171951 koszul:0.040216 cca:1.560569 derived:3.500911
step:382/1000 train_loss:1.0036 train_bpb:0.5843 train_bpt:1.4479 train_time:635610ms step_avg:1663.90ms aux_stage:0.2768
step:383/1000 train_loss:0.9658 train_bpb:0.5665 train_bpt:1.3933 train_time:637070ms step_avg:1663.37ms aux_stage:0.2787 mtp:12.594691 mtp_w:0.0008
step:384/1000 train_loss:0.9880 train_bpb:0.5751 train_bpt:1.4254 train_time:638562ms step_avg:1662.92ms aux_stage:0.2807
step:385/1000 train_loss:1.0052 train_bpb:0.5896 train_bpt:1.4503 train_time:641210ms step_avg:1665.48ms aux_stage:0.0707 graph_lm_loss:0.289017 graph_lm_bpb:0.2648 graph_lm_w:0.0057 oai_gfn:0.946708 gfn_H:0.9884 gfn_R:0.3585 oai_fot:4.825563 fot_H:0.9993 fot_R:0.6280 fot_div:0.6211 mtp:15.447995 mtp_w:0.0002 sidecar_loss:0.000009 graphcg:0.011367 analogy:0.065587 tokengt_graph:1.696780 memory:1.451032 toric:6.930672 vb1d:0.766602 bgg:0.186009 koszul:0.048489 cca:1.092416 derived:3.503064
step:386/1000 train_loss:1.0138 train_bpb:0.5939 train_bpt:1.4626 train_time:642417ms step_avg:1664.29ms aux_stage:0.0712
step:387/1000 train_loss:0.9864 train_bpb:0.5753 train_bpt:1.4231 train_time:643843ms step_avg:1663.68ms aux_stage:0.2866 mtp:15.264627 mtp_w:0.0009
step:388/1000 train_loss:0.9793 train_bpb:0.5766 train_bpt:1.4128 train_time:645329ms step_avg:1663.22ms aux_stage:0.2885
step:389/1000 train_loss:0.9887 train_bpb:0.5755 train_bpt:1.4263 train_time:647946ms step_avg:1665.67ms aux_stage:0.2905 graph_lm_loss:0.106786 graph_lm_bpb:0.1008 graph_lm_w:0.0232 oai_gfn:1.759801 gfn_H:0.9891 gfn_R:0.2721 oai_fot:4.596059 fot_H:0.9990 fot_R:0.6822 fot_div:0.6211 mtp:14.692159 mtp_w:0.0009 sidecar_loss:0.000037 graphcg:0.011258 analogy:0.065631 tokengt_graph:1.698588 memory:1.375270 toric:7.005412 vb1d:0.735714 bgg:0.185204 koszul:0.041352 cca:1.319423 derived:3.582115
step:390/1000 train_loss:0.9887 train_bpb:0.5815 train_bpt:1.4265 train_time:649129ms step_avg:1664.43ms aux_stage:0.2924
step:391/1000 train_loss:0.9812 train_bpb:0.5737 train_bpt:1.4155 train_time:650571ms step_avg:1663.86ms aux_stage:0.2944 mtp:13.458981 mtp_w:0.0009
step:392/1000 train_loss:1.0132 train_bpb:0.5874 train_bpt:1.4618 train_time:652042ms step_avg:1663.37ms aux_stage:0.0741
step:393/1000 train_loss:1.0313 train_bpb:0.6011 train_bpt:1.4879 train_time:654696ms step_avg:1665.89ms aux_stage:0.0746 graph_lm_loss:0.421144 graph_lm_bpb:0.3485 graph_lm_w:0.0060 oai_gfn:2.275826 gfn_H:0.9885 gfn_R:0.2197 oai_fot:5.150350 fot_H:1.0000 fot_R:0.6132 fot_div:0.5000 mtp:11.629514 mtp_w:0.0002 sidecar_loss:0.000011 graphcg:0.010906 analogy:0.065800 tokengt_graph:1.788177 memory:1.132485 toric:7.440937 vb1d:0.719894 bgg:0.165831 koszul:0.036357 cca:1.622880 derived:3.471233
step:394/1000 train_loss:0.9935 train_bpb:0.5825 train_bpt:1.4333 train_time:655863ms step_avg:1664.63ms aux_stage:0.3003
step:395/1000 train_loss:0.9739 train_bpb:0.5753 train_bpt:1.4050 train_time:657304ms step_avg:1664.06ms aux_stage:0.3022 mtp:13.216010 mtp_w:0.0009
step:396/1000 train_loss:0.9900 train_bpb:0.5810 train_bpt:1.4283 train_time:658779ms step_avg:1663.58ms aux_stage:0.3042
step:397/1000 train_loss:1.0082 train_bpb:0.5881 train_bpt:1.4545 train_time:661413ms step_avg:1666.03ms aux_stage:0.0765 graph_lm_loss:0.448286 graph_lm_bpb:0.4015 graph_lm_w:0.0061 oai_gfn:6.006890 gfn_H:0.9867 gfn_R:0.0757 oai_fot:5.834980 fot_H:0.9994 fot_R:0.4350 fot_div:0.5508 mtp:12.262455 mtp_w:0.0002 sidecar_loss:0.000011 graphcg:0.011214 analogy:0.065878 tokengt_graph:1.867543 memory:1.561698 toric:7.507573 vb1d:0.742550 bgg:0.164226 koszul:0.041986 cca:1.653794 derived:3.490136
step:398/1000 train_loss:1.0247 train_bpb:0.6023 train_bpt:1.4784 train_time:662605ms step_avg:1664.84ms aux_stage:0.0770
step:399/1000 train_loss:0.9700 train_bpb:0.5719 train_bpt:1.3995 train_time:664045ms step_avg:1664.27ms aux_stage:0.3101 mtp:14.319652 mtp_w:0.0009
step:400/1000 train_loss:1.0137 train_bpb:0.5910 train_bpt:1.4624 train_time:665501ms step_avg:1663.75ms aux_stage:0.0780
step:401/1000 train_loss:0.9769 train_bpb:0.5752 train_bpt:1.4093 train_time:668147ms step_avg:1666.20ms aux_stage:0.3140 graph_lm_loss:0.159874 graph_lm_bpb:0.1523 graph_lm_w:0.0251 oai_gfn:1.438665 gfn_H:0.9875 gfn_R:0.2849 oai_fot:4.640074 fot_H:0.9995 fot_R:0.8195 fot_div:0.6094 mtp:13.598237 mtp_w:0.0009 sidecar_loss:0.000047 graphcg:0.011285 analogy:0.065780 tokengt_graph:1.970270 memory:1.296558 toric:7.602485 vb1d:0.705332 bgg:0.167514 koszul:0.040923 cca:1.614190 derived:3.553821
step:402/1000 train_loss:0.9844 train_bpb:0.5788 train_bpt:1.4202 train_time:669332ms step_avg:1665.00ms aux_stage:0.3160
step:403/1000 train_loss:1.0076 train_bpb:0.5901 train_bpt:1.4537 train_time:670787ms step_avg:1664.48ms aux_stage:0.0795 mtp:13.003221 mtp_w:0.0002
step:404/1000 train_loss:1.0043 train_bpb:0.5891 train_bpt:1.4488 train_time:672253ms step_avg:1663.99ms aux_stage:0.0800
step:405/1000 train_loss:0.9941 train_bpb:0.5816 train_bpt:1.4341 train_time:674888ms step_avg:1666.39ms aux_stage:0.3218 graph_lm_loss:0.239727 graph_lm_bpb:0.2229 graph_lm_w:0.0257 oai_gfn:1.931796 gfn_H:0.9880 gfn_R:0.2219 oai_fot:4.512649 fot_H:0.9996 fot_R:0.7918 fot_div:0.5547 mtp:11.861490 mtp_w:0.0010 sidecar_loss:0.000046 graphcg:0.011337 analogy:0.065496 tokengt_graph:1.891541 memory:1.422771 toric:7.925059 vb1d:0.731739 bgg:0.163418 koszul:0.038480 cca:1.868218 derived:3.424959
step:406/1000 train_loss:1.0094 train_bpb:0.5882 train_bpt:1.4563 train_time:676060ms step_avg:1665.17ms aux_stage:0.0810
step:407/1000 train_loss:1.0063 train_bpb:0.5887 train_bpt:1.4518 train_time:677518ms step_avg:1664.66ms aux_stage:0.0814 mtp:13.506997 mtp_w:0.0002
step:408/1000 train_loss:1.0094 train_bpb:0.5944 train_bpt:1.4563 train_time:678998ms step_avg:1664.21ms aux_stage:0.0819
step:409/1000 train_loss:0.9879 train_bpb:0.5813 train_bpt:1.4252 train_time:681918ms step_avg:1667.28ms aux_stage:0.3297 graph_lm_loss:0.399616 graph_lm_bpb:0.3403 graph_lm_w:0.0264 oai_gfn:0.942456 gfn_H:0.9881 gfn_R:0.3414 oai_fot:5.159389 fot_H:0.9995 fot_R:0.6192 fot_div:0.5469 mtp:12.925748 mtp_w:0.0010 sidecar_loss:0.000044 graphcg:0.011203 analogy:0.065368 tokengt_graph:1.711625 memory:1.555679 toric:7.434458 vb1d:0.746315 bgg:0.170631 koszul:0.042329 cca:1.438261 derived:3.578947
step:410/1000 train_loss:1.0160 train_bpb:0.5940 train_bpt:1.4658 train_time:683081ms step_avg:1666.05ms aux_stage:0.0829
step:411/1000 train_loss:0.9985 train_bpb:0.5862 train_bpt:1.4405 train_time:684495ms step_avg:1665.44ms aux_stage:0.3336 mtp:13.300327 mtp_w:0.0010
step:412/1000 train_loss:1.0206 train_bpb:0.5988 train_bpt:1.4725 train_time:685934ms step_avg:1664.89ms aux_stage:0.0839
step:413/1000 train_loss:0.9926 train_bpb:0.5799 train_bpt:1.4320 train_time:688519ms step_avg:1667.12ms aux_stage:0.3375 graph_lm_loss:0.244676 graph_lm_bpb:0.2271 graph_lm_w:0.0270 oai_gfn:0.495184 gfn_H:0.9876 gfn_R:0.4248 oai_fot:4.896886 fot_H:0.9997 fot_R:0.8155 fot_div:0.5703 mtp:13.435814 mtp_w:0.0010 sidecar_loss:0.000046 graphcg:0.011281 analogy:0.065487 tokengt_graph:1.693001 memory:1.324939 toric:7.131967 vb1d:0.733809 bgg:0.176867 koszul:0.041685 cca:1.551375 derived:3.502374
step:414/1000 train_loss:0.9879 train_bpb:0.5832 train_bpt:1.4252 train_time:689726ms step_avg:1666.01ms aux_stage:0.3395
step:415/1000 train_loss:0.9757 train_bpb:0.5704 train_bpt:1.4077 train_time:691158ms step_avg:1665.44ms aux_stage:0.3414 mtp:14.860924 mtp_w:0.0010
step:416/1000 train_loss:0.9808 train_bpb:0.5704 train_bpt:1.4150 train_time:692617ms step_avg:1664.95ms aux_stage:0.3434
step:417/1000 train_loss:0.9667 train_bpb:0.5595 train_bpt:1.3947 train_time:695222ms step_avg:1667.20ms aux_stage:0.3454 graph_lm_loss:0.343336 graph_lm_bpb:0.3243 graph_lm_w:0.0276 oai_gfn:1.448883 gfn_H:0.9880 gfn_R:0.3006 oai_fot:4.726590 fot_H:0.9997 fot_R:0.6855 fot_div:0.5781 mtp:13.500770 mtp_w:0.0010 sidecar_loss:0.000047 graphcg:0.011104 analogy:0.065417 tokengt_graph:1.630456 memory:1.164724 toric:6.896960 vb1d:0.710432 bgg:0.167729 koszul:0.041108 cca:1.519656 derived:3.433335
step:418/1000 train_loss:0.9873 train_bpb:0.5799 train_bpt:1.4243 train_time:696414ms step_avg:1666.06ms aux_stage:0.3473
step:419/1000 train_loss:0.9955 train_bpb:0.5811 train_bpt:1.4362 train_time:697810ms step_avg:1665.42ms aux_stage:0.0873 mtp:14.211380 mtp_w:0.0003
step:420/1000 train_loss:1.0063 train_bpb:0.5909 train_bpt:1.4518 train_time:699270ms step_avg:1664.93ms aux_stage:0.0878
step:421/1000 train_loss:0.9952 train_bpb:0.5814 train_bpt:1.4357 train_time:701881ms step_avg:1667.18ms aux_stage:0.3532 graph_lm_loss:0.476224 graph_lm_bpb:0.4088 graph_lm_w:0.0283 oai_gfn:3.127462 gfn_H:0.9872 gfn_R:0.1634 oai_fot:5.038589 fot_H:0.9997 fot_R:0.5985 fot_div:0.5508 mtp:14.064440 mtp_w:0.0011 sidecar_loss:0.000052 graphcg:0.011138 analogy:0.065595 tokengt_graph:1.736201 memory:1.328343 toric:8.474689 vb1d:0.715613 bgg:0.167310 koszul:0.044138 cca:1.675974 derived:3.488273
step:422/1000 train_loss:0.9839 train_bpb:0.5753 train_bpt:1.4195 train_time:703075ms step_avg:1666.05ms aux_stage:0.3552
step:423/1000 train_loss:0.9758 train_bpb:0.5717 train_bpt:1.4077 train_time:704500ms step_avg:1665.48ms aux_stage:0.3571 mtp:12.812887 mtp_w:0.0011
step:424/1000 train_loss:0.9883 train_bpb:0.5821 train_bpt:1.4258 train_time:705945ms step_avg:1664.96ms aux_stage:0.0898
step:425/1000 train_loss:1.0037 train_bpb:0.5889 train_bpt:1.4481 train_time:708565ms step_avg:1667.21ms aux_stage:0.0903 graph_lm_loss:0.331269 graph_lm_bpb:0.2861 graph_lm_w:0.0072 oai_gfn:2.854060 gfn_H:0.9865 gfn_R:0.1615 oai_fot:5.708941 fot_H:0.9991 fot_R:0.4459 fot_div:0.5234 mtp:14.309040 mtp_w:0.0003 sidecar_loss:0.000014 graphcg:0.011489 analogy:0.065125 tokengt_graph:1.784853 memory:1.333061 toric:7.779778 vb1d:0.710618 bgg:0.164438 koszul:0.041327 cca:1.569307 derived:3.478836
step:426/1000 train_loss:0.9895 train_bpb:0.5751 train_bpt:1.4275 train_time:709748ms step_avg:1666.08ms aux_stage:0.3630
step:427/1000 train_loss:1.0029 train_bpb:0.5847 train_bpt:1.4468 train_time:711169ms step_avg:1665.50ms aux_stage:0.0912 mtp:12.123584 mtp_w:0.0003
step:428/1000 train_loss:0.9855 train_bpb:0.5816 train_bpt:1.4218 train_time:712640ms step_avg:1665.05ms aux_stage:0.0917
step:429/1000 train_loss:0.9870 train_bpb:0.5800 train_bpt:1.4240 train_time:715276ms step_avg:1667.31ms aux_stage:0.3689 graph_lm_loss:0.424606 graph_lm_bpb:0.3697 graph_lm_w:0.0295 oai_gfn:1.129149 gfn_H:0.9873 gfn_R:0.3180 oai_fot:4.713134 fot_H:0.9990 fot_R:0.6951 fot_div:0.5000 mtp:12.926029 mtp_w:0.0011 sidecar_loss:0.000052 graphcg:0.011084 analogy:0.065735 tokengt_graph:1.638574 memory:1.182546 toric:7.452867 vb1d:0.722617 bgg:0.162992 koszul:0.042154 cca:1.673364 derived:3.559917
step:430/1000 train_loss:0.9686 train_bpb:0.5711 train_bpt:1.3975 train_time:716442ms step_avg:1666.14ms aux_stage:0.3708
step:431/1000 train_loss:0.9886 train_bpb:0.5763 train_bpt:1.4262 train_time:717873ms step_avg:1665.60ms aux_stage:0.3728 mtp:11.531768 mtp_w:0.0011
step:432/1000 train_loss:0.9899 train_bpb:0.5770 train_bpt:1.4281 train_time:719317ms step_avg:1665.08ms aux_stage:0.3748
step:433/1000 train_loss:1.0042 train_bpb:0.5866 train_bpt:1.4487 train_time:721925ms step_avg:1667.26ms aux_stage:0.0942 graph_lm_loss:0.060561 graph_lm_bpb:0.0575 graph_lm_w:0.0075 oai_gfn:1.211175 gfn_H:0.9876 gfn_R:0.3211 oai_fot:4.665603 fot_H:0.9999 fot_R:0.7369 fot_div:0.5156 mtp:14.387526 mtp_w:0.0003 sidecar_loss:0.000013 graphcg:0.011354 analogy:0.065862 tokengt_graph:1.602001 memory:1.303186 toric:7.645200 vb1d:0.735894 bgg:0.162704 koszul:0.042121 cca:1.773386 derived:3.477022
step:434/1000 train_loss:1.0123 train_bpb:0.5933 train_bpt:1.4605 train_time:723135ms step_avg:1666.21ms aux_stage:0.0947
step:435/1000 train_loss:0.9722 train_bpb:0.5712 train_bpt:1.4025 train_time:724561ms step_avg:1665.66ms aux_stage:0.3806 mtp:14.485215 mtp_w:0.0011
step:436/1000 train_loss:1.0018 train_bpb:0.5884 train_bpt:1.4453 train_time:726008ms step_avg:1665.16ms aux_stage:0.0956
step:437/1000 train_loss:0.9758 train_bpb:0.5690 train_bpt:1.4077 train_time:728629ms step_avg:1667.34ms aux_stage:0.3846 graph_lm_loss:0.438399 graph_lm_bpb:0.3508 graph_lm_w:0.0308 oai_gfn:1.506458 gfn_H:0.9876 gfn_R:0.2708 oai_fot:4.603522 fot_H:0.9998 fot_R:0.7188 fot_div:0.5391 mtp:11.343234 mtp_w:0.0012 sidecar_loss:0.000054 graphcg:0.011189 analogy:0.065384 tokengt_graph:1.632211 memory:1.415558 toric:7.775521 vb1d:0.726023 bgg:0.163809 koszul:0.035183 cca:1.800952 derived:3.386511
step:438/1000 train_loss:0.9600 train_bpb:0.5554 train_bpt:1.3850 train_time:729796ms step_avg:1666.20ms aux_stage:0.3865
step:439/1000 train_loss:0.9829 train_bpb:0.5735 train_bpt:1.4180 train_time:731255ms step_avg:1665.73ms aux_stage:0.3885 mtp:15.039047 mtp_w:0.0012
step:440/1000 train_loss:0.9746 train_bpb:0.5680 train_bpt:1.4060 train_time:732684ms step_avg:1665.19ms aux_stage:0.3904
step:441/1000 train_loss:0.9608 train_bpb:0.5609 train_bpt:1.3862 train_time:735331ms step_avg:1667.42ms aux_stage:0.3924 graph_lm_loss:0.143893 graph_lm_bpb:0.1252 graph_lm_w:0.0314 oai_gfn:1.622695 gfn_H:0.9889 gfn_R:0.2562 oai_fot:4.829768 fot_H:0.9993 fot_R:0.8198 fot_div:0.5703 mtp:13.715755 mtp_w:0.0012 sidecar_loss:0.000060 graphcg:0.011153 analogy:0.065751 tokengt_graph:1.726011 memory:1.326723 toric:7.549893 vb1d:0.714898 bgg:0.173321 koszul:0.044658 cca:1.763079 derived:3.453741
step:442/1000 train_loss:0.9961 train_bpb:0.5843 train_bpt:1.4371 train_time:736529ms step_avg:1666.35ms aux_stage:0.0986
step:443/1000 train_loss:0.9970 train_bpb:0.5833 train_bpt:1.4384 train_time:737972ms step_avg:1665.85ms aux_stage:0.0991 mtp:11.896570 mtp_w:0.0003
step:444/1000 train_loss:0.9579 train_bpb:0.5620 train_bpt:1.3819 train_time:739433ms step_avg:1665.39ms aux_stage:0.3983
step:445/1000 train_loss:0.9756 train_bpb:0.5725 train_bpt:1.4074 train_time:742073ms step_avg:1667.58ms aux_stage:0.4002 graph_lm_loss:0.725359 graph_lm_bpb:0.5572 graph_lm_w:0.0320 oai_gfn:1.697417 gfn_H:0.9872 gfn_R:0.2532 oai_fot:4.578673 fot_H:0.9999 fot_R:0.7292 fot_div:0.5156 mtp:13.807565 mtp_w:0.0012 sidecar_loss:0.000062 graphcg:0.010929 analogy:0.065505 tokengt_graph:1.668208 memory:1.033543 toric:8.178173 vb1d:0.765809 bgg:0.160290 koszul:0.039591 cca:1.650492 derived:3.442727
step:446/1000 train_loss:0.9951 train_bpb:0.5879 train_bpt:1.4357 train_time:743280ms step_avg:1666.55ms aux_stage:0.1006
step:447/1000 train_loss:0.9845 train_bpb:0.5709 train_bpt:1.4203 train_time:744729ms step_avg:1666.06ms aux_stage:0.4042 mtp:12.632249 mtp_w:0.0012
step:448/1000 train_loss:0.9823 train_bpb:0.5780 train_bpt:1.4172 train_time:746194ms step_avg:1665.61ms aux_stage:0.1015
step:449/1000 train_loss:0.9686 train_bpb:0.5653 train_bpt:1.3974 train_time:748852ms step_avg:1667.82ms aux_stage:0.4081 graph_lm_loss:0.334405 graph_lm_bpb:0.2972 graph_lm_w:0.0326 oai_gfn:2.486133 gfn_H:0.9849 gfn_R:0.1927 oai_fot:4.832292 fot_H:0.9997 fot_R:0.5347 fot_div:0.4883 mtp:11.130234 mtp_w:0.0012 sidecar_loss:0.000066 graphcg:0.011184 analogy:0.065587 tokengt_graph:1.679297 memory:1.095134 toric:7.979919 vb1d:0.739961 bgg:0.166127 koszul:0.039675 cca:1.637758 derived:3.439072
step:450/1000 train_loss:0.9592 train_bpb:0.5624 train_bpt:1.3839 train_time:750040ms step_avg:1666.76ms aux_stage:0.4100
step:451/1000 train_loss:0.9791 train_bpb:0.5738 train_bpt:1.4125 train_time:751520ms step_avg:1666.34ms aux_stage:0.1030 mtp:13.282886 mtp_w:0.0003
step:452/1000 train_loss:0.9697 train_bpb:0.5745 train_bpt:1.3989 train_time:752995ms step_avg:1665.92ms aux_stage:0.1035
step:453/1000 train_loss:0.9837 train_bpb:0.5768 train_bpt:1.4192 train_time:755650ms step_avg:1668.10ms aux_stage:0.1040 graph_lm_loss:0.050355 graph_lm_bpb:0.0481 graph_lm_w:0.0083 oai_gfn:0.896142 gfn_H:0.9851 gfn_R:0.3500 oai_fot:5.718274 fot_H:0.9998 fot_R:0.3783 fot_div:0.4453 mtp:10.819495 mtp_w:0.0003 sidecar_loss:0.000017 graphcg:0.011133 analogy:0.065511 tokengt_graph:1.763423 memory:1.398826 toric:7.870013 vb1d:0.725654 bgg:0.164389 koszul:0.038504 cca:1.589637 derived:3.361758
step:454/1000 train_loss:1.0002 train_bpb:0.5849 train_bpt:1.4429 train_time:756842ms step_avg:1667.05ms aux_stage:0.1045
step:455/1000 train_loss:0.9816 train_bpb:0.5747 train_bpt:1.4161 train_time:758293ms step_avg:1666.58ms aux_stage:0.4198 mtp:10.124425 mtp_w:0.0013
step:456/1000 train_loss:0.9810 train_bpb:0.5767 train_bpt:1.4153 train_time:759767ms step_avg:1666.16ms aux_stage:0.1055
step:457/1000 train_loss:1.0067 train_bpb:0.5891 train_bpt:1.4524 train_time:762428ms step_avg:1668.33ms aux_stage:0.1059 graph_lm_loss:0.358474 graph_lm_bpb:0.3148 graph_lm_w:0.0085 oai_gfn:3.447165 gfn_H:0.9865 gfn_R:0.1434 oai_fot:4.631399 fot_H:0.9994 fot_R:0.8581 fot_div:0.5391 mtp:14.165142 mtp_w:0.0003 sidecar_loss:0.000017 graphcg:0.011070 analogy:0.065799 tokengt_graph:1.736384 memory:1.278035 toric:7.795520 vb1d:0.715503 bgg:0.164988 koszul:0.043619 cca:1.654322 derived:3.320828
step:458/1000 train_loss:0.9689 train_bpb:0.5652 train_bpt:1.3978 train_time:763611ms step_avg:1667.27ms aux_stage:0.4257
step:459/1000 train_loss:0.9531 train_bpb:0.5610 train_bpt:1.3751 train_time:765061ms step_avg:1666.80ms aux_stage:0.4277 mtp:11.749572 mtp_w:0.0013
step:460/1000 train_loss:0.9915 train_bpb:0.5850 train_bpt:1.4305 train_time:766536ms step_avg:1666.38ms aux_stage:0.1074
step:461/1000 train_loss:0.9498 train_bpb:0.5544 train_bpt:1.3703 train_time:769467ms step_avg:1669.13ms aux_stage:0.4316 graph_lm_loss:0.315628 graph_lm_bpb:0.2645 graph_lm_w:0.0345 oai_gfn:1.337935 gfn_H:0.9854 gfn_R:0.3011 oai_fot:4.734209 fot_H:0.9999 fot_R:0.6957 fot_div:0.5391 mtp:14.743582 mtp_w:0.0013 sidecar_loss:0.000064 graphcg:0.011271 analogy:0.065620 tokengt_graph:1.580927 memory:1.323129 toric:7.687051 vb1d:0.710846 bgg:0.169313 koszul:0.038720 cca:1.718529 derived:3.407993
step:462/1000 train_loss:1.0164 train_bpb:0.5888 train_bpt:1.4663 train_time:770611ms step_avg:1667.99ms aux_stage:0.1084
step:463/1000 train_loss:0.9680 train_bpb:0.5622 train_bpt:1.3965 train_time:772009ms step_avg:1667.41ms aux_stage:0.4355 mtp:12.693464 mtp_w:0.0013
step:464/1000 train_loss:0.9428 train_bpb:0.5501 train_bpt:1.3601 train_time:773450ms step_avg:1666.92ms aux_stage:0.4375
step:465/1000 train_loss:0.9651 train_bpb:0.5641 train_bpt:1.3924 train_time:776077ms step_avg:1668.98ms aux_stage:0.4394 graph_lm_loss:0.472785 graph_lm_bpb:0.3957 graph_lm_w:0.0352 oai_gfn:1.988360 gfn_H:0.9843 gfn_R:0.2105 oai_fot:6.476871 fot_H:0.9998 fot_R:0.2842 fot_div:0.4336 mtp:12.399030 mtp_w:0.0013 sidecar_loss:0.000067 graphcg:0.011142 analogy:0.065541 tokengt_graph:1.592438 memory:1.435493 toric:7.734754 vb1d:0.738809 bgg:0.173175 koszul:0.043694 cca:1.670375 derived:3.341725
step:466/1000 train_loss:0.9591 train_bpb:0.5589 train_bpt:1.3837 train_time:777274ms step_avg:1667.97ms aux_stage:0.4414
step:467/1000 train_loss:0.9909 train_bpb:0.5843 train_bpt:1.4296 train_time:778728ms step_avg:1667.51ms aux_stage:0.1108 mtp:13.318854 mtp_w:0.0003
step:468/1000 train_loss:0.9876 train_bpb:0.5817 train_bpt:1.4248 train_time:780191ms step_avg:1667.08ms aux_stage:0.1113
step:469/1000 train_loss:0.9626 train_bpb:0.5662 train_bpt:1.3888 train_time:782843ms step_avg:1669.17ms aux_stage:0.4473 graph_lm_loss:0.350763 graph_lm_bpb:0.3169 graph_lm_w:0.0358 oai_gfn:1.257936 gfn_H:0.9833 gfn_R:0.3192 oai_fot:4.856265 fot_H:0.9994 fot_R:0.5603 fot_div:0.4922 mtp:12.584457 mtp_w:0.0013 sidecar_loss:0.000070 graphcg:0.011156 analogy:0.065205 tokengt_graph:1.596017 memory:1.461051 toric:7.133969 vb1d:0.732083 bgg:0.174749 koszul:0.041446 cca:1.418851 derived:3.388926
step:470/1000 train_loss:0.9319 train_bpb:0.5413 train_bpt:1.3444 train_time:784040ms step_avg:1668.17ms aux_stage:0.4492
step:471/1000 train_loss:0.9621 train_bpb:0.5598 train_bpt:1.3880 train_time:785458ms step_avg:1667.64ms aux_stage:0.4512 mtp:13.601698 mtp_w:0.0014
step:472/1000 train_loss:0.9441 train_bpb:0.5584 train_bpt:1.3620 train_time:786943ms step_avg:1667.25ms aux_stage:0.4532
step:473/1000 train_loss:0.9836 train_bpb:0.5768 train_bpt:1.4190 train_time:789572ms step_avg:1669.29ms aux_stage:0.1138 graph_lm_loss:0.212406 graph_lm_bpb:0.1901 graph_lm_w:0.0091 oai_gfn:1.533331 gfn_H:0.9848 gfn_R:0.2856 oai_fot:4.664682 fot_H:0.9999 fot_R:0.7035 fot_div:0.5078 mtp:13.224792 mtp_w:0.0003 sidecar_loss:0.000019 graphcg:0.010908 analogy:0.065953 tokengt_graph:1.649504 memory:1.105480 toric:7.430533 vb1d:0.771897 bgg:0.169332 koszul:0.038154 cca:1.565599 derived:3.342670
step:474/1000 train_loss:0.9583 train_bpb:0.5574 train_bpt:1.3825 train_time:790770ms step_avg:1668.29ms aux_stage:0.4571
step:475/1000 train_loss:0.9583 train_bpb:0.5640 train_bpt:1.3825 train_time:792229ms step_avg:1667.85ms aux_stage:0.4590 mtp:15.465448 mtp_w:0.0014
step:476/1000 train_loss:0.9506 train_bpb:0.5538 train_bpt:1.3714 train_time:793694ms step_avg:1667.42ms aux_stage:0.4610
step:477/1000 train_loss:0.9658 train_bpb:0.5725 train_bpt:1.3934 train_time:796310ms step_avg:1669.41ms aux_stage:0.1157 graph_lm_loss:0.399451 graph_lm_bpb:0.3335 graph_lm_w:0.0093 oai_gfn:5.110465 gfn_H:0.9805 gfn_R:0.0858 oai_fot:5.266796 fot_H:0.9989 fot_R:0.5387 fot_div:0.4883 mtp:12.714051 mtp_w:0.0003 sidecar_loss:0.000019 graphcg:0.010903 analogy:0.065706 tokengt_graph:1.657053 memory:1.048018 toric:7.504010 vb1d:0.735522 bgg:0.169643 koszul:0.037460 cca:1.672366 derived:3.378799
step:478/1000 train_loss:0.9539 train_bpb:0.5573 train_bpt:1.3763 train_time:797497ms step_avg:1668.40ms aux_stage:0.4649
step:479/1000 train_loss:0.9286 train_bpb:0.5456 train_bpt:1.3396 train_time:798967ms step_avg:1667.99ms aux_stage:0.4669 mtp:14.152761 mtp_w:0.0014
step:480/1000 train_loss:0.9653 train_bpb:0.5642 train_bpt:1.3926 train_time:800449ms step_avg:1667.60ms aux_stage:0.1172
step:481/1000 train_loss:0.9791 train_bpb:0.5813 train_bpt:1.4126 train_time:803123ms step_avg:1669.69ms aux_stage:0.1177 graph_lm_loss:0.701541 graph_lm_bpb:0.6113 graph_lm_w:0.0094 oai_gfn:1.073899 gfn_H:0.9859 gfn_R:0.2954 oai_fot:5.053374 fot_H:0.9994 fot_R:0.5843 fot_div:0.5391 mtp:12.452502 mtp_w:0.0004 sidecar_loss:0.000020 graphcg:0.011060 analogy:0.065626 tokengt_graph:1.691280 memory:1.067336 toric:8.059557 vb1d:0.733554 bgg:0.176324 koszul:0.040760 cca:1.554714 derived:3.357192
step:482/1000 train_loss:0.9712 train_bpb:0.5697 train_bpt:1.4012 train_time:804335ms step_avg:1668.74ms aux_stage:0.1182
step:483/1000 train_loss:0.9679 train_bpb:0.5683 train_bpt:1.3964 train_time:805795ms step_avg:1668.31ms aux_stage:0.1187 mtp:12.773136 mtp_w:0.0004
step:484/1000 train_loss:0.9611 train_bpb:0.5588 train_bpt:1.3866 train_time:807281ms step_avg:1667.94ms aux_stage:0.4767
step:485/1000 train_loss:0.9626 train_bpb:0.5627 train_bpt:1.3887 train_time:809930ms step_avg:1669.96ms aux_stage:0.4786 graph_lm_loss:0.037685 graph_lm_bpb:0.0356 graph_lm_w:0.0383 oai_gfn:2.057047 gfn_H:0.9828 gfn_R:0.2099 oai_fot:4.865946 fot_H:0.9995 fot_R:0.5217 fot_div:0.4531 mtp:11.277984 mtp_w:0.0014 sidecar_loss:0.000081 graphcg:0.011340 analogy:0.065256 tokengt_graph:1.748818 memory:1.509100 toric:7.819197 vb1d:0.734610 bgg:0.164044 koszul:0.041469 cca:1.742707 derived:3.296359
step:486/1000 train_loss:0.9655 train_bpb:0.5690 train_bpt:1.3929 train_time:811102ms step_avg:1668.94ms aux_stage:0.1201
step:487/1000 train_loss:0.9747 train_bpb:0.5778 train_bpt:1.4062 train_time:812522ms step_avg:1668.42ms aux_stage:0.1206 mtp:14.705760 mtp_w:0.0004
step:488/1000 train_loss:0.9418 train_bpb:0.5461 train_bpt:1.3587 train_time:813986ms step_avg:1668.00ms aux_stage:0.4845
step:489/1000 train_loss:0.9544 train_bpb:0.5598 train_bpt:1.3769 train_time:816592ms step_avg:1669.92ms aux_stage:0.4865 graph_lm_loss:0.359541 graph_lm_bpb:0.3171 graph_lm_w:0.0389 oai_gfn:3.603163 gfn_H:0.9833 gfn_R:0.1301 oai_fot:5.890035 fot_H:0.9999 fot_R:0.4231 fot_div:0.4375 mtp:12.914775 mtp_w:0.0015 sidecar_loss:0.000080 graphcg:0.011232 analogy:0.065784 tokengt_graph:1.593295 memory:1.537154 toric:7.963314 vb1d:0.724456 bgg:0.178800 koszul:0.038672 cca:1.617603 derived:3.289669
step:490/1000 train_loss:0.9417 train_bpb:0.5581 train_bpt:1.3586 train_time:817790ms step_avg:1668.96ms aux_stage:0.4884
step:491/1000 train_loss:0.9596 train_bpb:0.5601 train_bpt:1.3844 train_time:819234ms step_avg:1668.50ms aux_stage:0.4904 mtp:12.720245 mtp_w:0.0015
step:492/1000 train_loss:0.9780 train_bpb:0.5757 train_bpt:1.4110 train_time:820700ms step_avg:1668.09ms aux_stage:0.1231
step:493/1000 train_loss:0.9460 train_bpb:0.5580 train_bpt:1.3647 train_time:823304ms step_avg:1669.99ms aux_stage:0.4943 graph_lm_loss:0.069749 graph_lm_bpb:0.0650 graph_lm_w:0.0395 oai_gfn:1.173464 gfn_H:0.9853 gfn_R:0.3330 oai_fot:4.503769 fot_H:0.9999 fot_R:0.7933 fot_div:0.4844 mtp:12.612911 mtp_w:0.0015 sidecar_loss:0.000081 graphcg:0.010975 analogy:0.065853 tokengt_graph:1.568100 memory:1.211578 toric:7.451079 vb1d:0.735871 bgg:0.170448 koszul:0.041997 cca:1.399362 derived:3.401186
step:494/1000 train_loss:0.9454 train_bpb:0.5550 train_bpt:1.3640 train_time:824498ms step_avg:1669.02ms aux_stage:0.4963
step:495/1000 train_loss:0.9532 train_bpb:0.5600 train_bpt:1.3751 train_time:825954ms step_avg:1668.59ms aux_stage:0.4982 mtp:11.190831 mtp_w:0.0015
step:496/1000 train_loss:0.9394 train_bpb:0.5441 train_bpt:1.3552 train_time:827450ms step_avg:1668.25ms aux_stage:0.5002
step:497/1000 train_loss:0.9455 train_bpb:0.5581 train_bpt:1.3640 train_time:830078ms step_avg:1670.18ms aux_stage:0.5022 graph_lm_loss:0.228619 graph_lm_bpb:0.1867 graph_lm_w:0.0402 oai_gfn:3.570706 gfn_H:0.9786 gfn_R:0.1353 oai_fot:4.897843 fot_H:0.9999 fot_R:0.5614 fot_div:0.4688 mtp:13.319748 mtp_w:0.0015 sidecar_loss:0.000087 graphcg:0.011024 analogy:0.065747 tokengt_graph:1.632812 memory:1.102713 toric:7.266857 vb1d:0.717854 bgg:0.169832 koszul:0.033424 cca:1.488994 derived:3.354448
step:498/1000 train_loss:0.9652 train_bpb:0.5643 train_bpt:1.3925 train_time:831290ms step_avg:1669.26ms aux_stage:0.1260
step:499/1000 train_loss:0.9560 train_bpb:0.5592 train_bpt:1.3793 train_time:832721ms step_avg:1668.78ms aux_stage:0.5061 mtp:13.121215 mtp_w:0.0015
step:500/1000 train_loss:0.9741 train_bpb:0.5683 train_bpt:1.4054 train_time:834187ms step_avg:1668.37ms aux_stage:0.1270
step:501/1000 train_loss:0.9554 train_bpb:0.5577 train_bpt:1.3784 train_time:836815ms step_avg:1670.29ms aux_stage:0.5100 graph_lm_loss:0.344848 graph_lm_bpb:0.2972 graph_lm_w:0.0408 oai_gfn:0.694062 gfn_H:0.9857 gfn_R:0.3712 oai_fot:4.701175 fot_H:0.9998 fot_R:0.6695 fot_div:0.4609 mtp:14.027528 mtp_w:0.0015 sidecar_loss:0.000090 graphcg:0.011057 analogy:0.065800 tokengt_graph:1.660923 memory:1.086742 toric:7.511213 vb1d:0.727256 bgg:0.170804 koszul:0.043740 cca:1.372467 derived:3.427980
step:502/1000 train_loss:0.9497 train_bpb:0.5515 train_bpt:1.3702 train_time:838037ms step_avg:1669.40ms aux_stage:0.5120
step:503/1000 train_loss:0.9352 train_bpb:0.5455 train_bpt:1.3492 train_time:839500ms step_avg:1668.99ms aux_stage:0.5139 mtp:12.002920 mtp_w:0.0015
step:504/1000 train_loss:0.9633 train_bpb:0.5691 train_bpt:1.3898 train_time:840980ms step_avg:1668.61ms aux_stage:0.1290
step:505/1000 train_loss:0.9621 train_bpb:0.5654 train_bpt:1.3880 train_time:843609ms step_avg:1670.51ms aux_stage:0.1295 graph_lm_loss:0.269615 graph_lm_bpb:0.2471 graph_lm_w:0.0104 oai_gfn:2.258913 gfn_H:0.9831 gfn_R:0.1994 oai_fot:4.779344 fot_H:0.9998 fot_R:0.6283 fot_div:0.4766 mtp:12.285147 mtp_w:0.0004 sidecar_loss:0.000023 graphcg:0.011176 analogy:0.065766 tokengt_graph:1.704860 memory:1.393201 toric:7.896554 vb1d:0.782812 bgg:0.184118 koszul:0.038662 cca:1.531892 derived:3.396324
step:506/1000 train_loss:0.9509 train_bpb:0.5535 train_bpt:1.3718 train_time:844815ms step_avg:1669.59ms aux_stage:0.5198
step:507/1000 train_loss:0.9584 train_bpb:0.5582 train_bpt:1.3827 train_time:846257ms step_avg:1669.15ms aux_stage:0.5218 mtp:13.895442 mtp_w:0.0016
step:508/1000 train_loss:0.9645 train_bpb:0.5634 train_bpt:1.3915 train_time:847718ms step_avg:1668.74ms aux_stage:0.1309
step:509/1000 train_loss:0.9556 train_bpb:0.5619 train_bpt:1.3786 train_time:850611ms step_avg:1671.14ms aux_stage:0.1314 graph_lm_loss:0.037296 graph_lm_bpb:0.0357 graph_lm_w:0.0105 oai_gfn:1.651714 gfn_H:0.9834 gfn_R:0.2751 oai_fot:4.785227 fot_H:0.9987 fot_R:0.5790 fot_div:0.4375 mtp:12.984036 mtp_w:0.0004 sidecar_loss:0.000023 graphcg:0.011028 analogy:0.065584 tokengt_graph:1.717255 memory:1.220932 toric:8.021909 vb1d:0.772078 bgg:0.185449 koszul:0.042634 cca:1.527258 derived:3.309428
step:510/1000 train_loss:0.9671 train_bpb:0.5619 train_bpt:1.3953 train_time:851763ms step_avg:1670.12ms aux_stage:0.1319
step:511/1000 train_loss:0.9643 train_bpb:0.5691 train_bpt:1.3911 train_time:853183ms step_avg:1669.63ms aux_stage:0.1324 mtp:12.793305 mtp_w:0.0004
step:512/1000 train_loss:0.9513 train_bpb:0.5625 train_bpt:1.3724 train_time:854668ms step_avg:1669.27ms aux_stage:0.1329
step:513/1000 train_loss:0.9302 train_bpb:0.5439 train_bpt:1.3420 train_time:857288ms step_avg:1671.13ms aux_stage:0.5335 graph_lm_loss:0.224995 graph_lm_bpb:0.1951 graph_lm_w:0.0427 oai_gfn:2.639236 gfn_H:0.9796 gfn_R:0.1811 oai_fot:5.222600 fot_H:0.9998 fot_R:0.4692 fot_div:0.4336 mtp:14.339441 mtp_w:0.0016 sidecar_loss:0.000097 graphcg:0.011083 analogy:0.066026 tokengt_graph:1.743570 memory:1.568351 toric:7.540420 vb1d:0.737656 bgg:0.170698 koszul:0.038394 cca:1.683667 derived:3.324446
step:514/1000 train_loss:0.9287 train_bpb:0.5453 train_bpt:1.3398 train_time:858470ms step_avg:1670.17ms aux_stage:0.5355
step:515/1000 train_loss:0.9200 train_bpb:0.5394 train_bpt:1.3272 train_time:859915ms step_avg:1669.74ms aux_stage:0.5374 mtp:12.199603 mtp_w:0.0016
step:516/1000 train_loss:0.9479 train_bpb:0.5561 train_bpt:1.3675 train_time:861387ms step_avg:1669.36ms aux_stage:0.5394
step:517/1000 train_loss:0.9615 train_bpb:0.5633 train_bpt:1.3871 train_time:863997ms step_avg:1671.17ms aux_stage:0.1353 graph_lm_loss:0.217589 graph_lm_bpb:0.1942 graph_lm_w:0.0108 oai_gfn:0.843889 gfn_H:0.9812 gfn_R:0.3831 oai_fot:4.698942 fot_H:0.9994 fot_R:0.6532 fot_div:0.3750 mtp:12.619296 mtp_w:0.0004 sidecar_loss:0.000026 graphcg:0.011038 analogy:0.065828 tokengt_graph:1.812146 memory:1.288187 toric:7.160017 vb1d:0.742078 bgg:0.165349 koszul:0.036844 cca:1.697599 derived:3.389486
step:518/1000 train_loss:0.9589 train_bpb:0.5608 train_bpt:1.3834 train_time:865198ms step_avg:1670.27ms aux_stage:0.1358
step:519/1000 train_loss:0.9490 train_bpb:0.5558 train_bpt:1.3692 train_time:866618ms step_avg:1669.78ms aux_stage:0.5453 mtp:13.429642 mtp_w:0.0016
step:520/1000 train_loss:0.9695 train_bpb:0.5600 train_bpt:1.3987 train_time:868106ms step_avg:1669.44ms aux_stage:0.1368
step:521/1000 train_loss:0.9495 train_bpb:0.5597 train_bpt:1.3699 train_time:870716ms step_avg:1671.24ms aux_stage:0.1373 graph_lm_loss:0.142542 graph_lm_bpb:0.1268 graph_lm_w:0.0110 oai_gfn:1.022267 gfn_H:0.9844 gfn_R:0.3527 oai_fot:4.662809 fot_H:0.9999 fot_R:0.8987 fot_div:0.4180 mtp:13.019634 mtp_w:0.0004 sidecar_loss:0.000025 graphcg:0.011266 analogy:0.065782 tokengt_graph:1.654749 memory:1.275625 toric:7.150376 vb1d:0.746931 bgg:0.168732 koszul:0.034944 cca:1.706307 derived:3.347544
step:522/1000 train_loss:0.9510 train_bpb:0.5611 train_bpt:1.3720 train_time:871893ms step_avg:1670.29ms aux_stage:0.1378
step:523/1000 train_loss:0.9440 train_bpb:0.5495 train_bpt:1.3619 train_time:873314ms step_avg:1669.82ms aux_stage:0.5531 mtp:13.879859 mtp_w:0.0017
step:524/1000 train_loss:0.9326 train_bpb:0.5465 train_bpt:1.3454 train_time:874790ms step_avg:1669.45ms aux_stage:0.5551
step:525/1000 train_loss:0.9585 train_bpb:0.5581 train_bpt:1.3828 train_time:877415ms step_avg:1671.27ms aux_stage:0.1393 graph_lm_loss:0.513663 graph_lm_bpb:0.4378 graph_lm_w:0.0111 oai_gfn:2.255350 gfn_H:0.9778 gfn_R:0.1784 oai_fot:4.677878 fot_H:1.0000 fot_R:0.6428 fot_div:0.4570 mtp:12.353092 mtp_w:0.0004 sidecar_loss:0.000025 graphcg:0.011386 analogy:0.065751 tokengt_graph:1.692067 memory:1.359816 toric:7.298970 vb1d:0.731721 bgg:0.167504 koszul:0.041580 cca:1.487769 derived:3.360620
step:526/1000 train_loss:0.9501 train_bpb:0.5570 train_bpt:1.3707 train_time:878579ms step_avg:1670.30ms aux_stage:0.1398
step:527/1000 train_loss:0.9415 train_bpb:0.5595 train_bpt:1.3584 train_time:880013ms step_avg:1669.85ms aux_stage:0.1402 mtp:12.198335 mtp_w:0.0004
step:528/1000 train_loss:0.9185 train_bpb:0.5341 train_bpt:1.3251 train_time:881490ms step_avg:1669.49ms aux_stage:0.5629
step:529/1000 train_loss:1.0043 train_bpb:0.5913 train_bpt:1.4490 train_time:884133ms step_avg:1671.33ms aux_stage:0.1412 graph_lm_loss:0.359402 graph_lm_bpb:0.3045 graph_lm_w:0.0113 oai_gfn:1.528492 gfn_H:0.9808 gfn_R:0.2598 oai_fot:4.440215 fot_H:0.9990 fot_R:0.7436 fot_div:0.4844 mtp:11.371096 mtp_w:0.0004 sidecar_loss:0.000026 graphcg:0.010857 analogy:0.065715 tokengt_graph:1.720163 memory:1.279322 toric:7.205763 vb1d:0.764832 bgg:0.170309 koszul:0.042237 cca:1.632445 derived:3.378874
step:530/1000 train_loss:0.9212 train_bpb:0.5389 train_bpt:1.3290 train_time:885331ms step_avg:1670.44ms aux_stage:0.5668
step:531/1000 train_loss:0.9150 train_bpb:0.5308 train_bpt:1.3201 train_time:886752ms step_avg:1669.97ms aux_stage:0.5688 mtp:13.437847 mtp_w:0.0017
step:532/1000 train_loss:0.9497 train_bpb:0.5510 train_bpt:1.3701 train_time:888232ms step_avg:1669.61ms aux_stage:0.5708
step:533/1000 train_loss:0.9401 train_bpb:0.5528 train_bpt:1.3562 train_time:890832ms step_avg:1671.35ms aux_stage:0.5727 graph_lm_loss:0.035721 graph_lm_bpb:0.0341 graph_lm_w:0.0458 oai_gfn:1.684086 gfn_H:0.9783 gfn_R:0.2479 oai_fot:4.798776 fot_H:0.9997 fot_R:0.6420 fot_div:0.4258 mtp:12.670505 mtp_w:0.0017 sidecar_loss:0.000112 graphcg:0.010938 analogy:0.065744 tokengt_graph:1.736311 memory:0.965329 toric:7.106144 vb1d:0.753245 bgg:0.170645 koszul:0.037293 cca:1.727170 derived:3.340775
step:534/1000 train_loss:0.9233 train_bpb:0.5386 train_bpt:1.3321 train_time:892029ms step_avg:1670.47ms aux_stage:0.5747
step:535/1000 train_loss:0.9649 train_bpb:0.5648 train_bpt:1.3921 train_time:893447ms step_avg:1669.99ms aux_stage:0.1442 mtp:12.938729 mtp_w:0.0004
step:536/1000 train_loss:0.9214 train_bpb:0.5394 train_bpt:1.3292 train_time:894920ms step_avg:1669.63ms aux_stage:0.5786
step:537/1000 train_loss:0.9555 train_bpb:0.5561 train_bpt:1.3786 train_time:897551ms step_avg:1671.42ms aux_stage:0.1451 graph_lm_loss:0.415662 graph_lm_bpb:0.3481 graph_lm_w:0.0116 oai_gfn:2.760843 gfn_H:0.9789 gfn_R:0.1683 oai_fot:4.882448 fot_H:0.9998 fot_R:0.6100 fot_div:0.4258 mtp:12.995985 mtp_w:0.0004 sidecar_loss:0.000027 graphcg:0.011061 analogy:0.065841 tokengt_graph:1.645812 memory:1.032224 toric:7.216709 vb1d:0.716243 bgg:0.164583 koszul:0.036477 cca:1.415551 derived:3.505230
step:538/1000 train_loss:0.9347 train_bpb:0.5427 train_bpt:1.3484 train_time:898719ms step_avg:1670.48ms aux_stage:0.5825
step:539/1000 train_loss:0.9501 train_bpb:0.5499 train_bpt:1.3707 train_time:900155ms step_avg:1670.05ms aux_stage:0.5845 mtp:14.805367 mtp_w:0.0018
step:540/1000 train_loss:0.9392 train_bpb:0.5501 train_bpt:1.3550 train_time:901605ms step_avg:1669.64ms aux_stage:0.5864
step:541/1000 train_loss:0.9412 train_bpb:0.5518 train_bpt:1.3579 train_time:904217ms step_avg:1671.38ms aux_stage:0.1471 graph_lm_loss:0.208745 graph_lm_bpb:0.1786 graph_lm_w:0.0118 oai_gfn:1.068009 gfn_H:0.9821 gfn_R:0.3006 oai_fot:4.666902 fot_H:0.9995 fot_R:0.6593 fot_div:0.4375 mtp:13.177215 mtp_w:0.0004 sidecar_loss:0.000029 graphcg:0.011074 analogy:0.065808 tokengt_graph:1.699005 memory:1.039969 toric:6.965874 vb1d:0.732345 bgg:0.163641 koszul:0.045489 cca:1.604125 derived:3.349709
step:542/1000 train_loss:0.9326 train_bpb:0.5424 train_bpt:1.3454 train_time:905405ms step_avg:1670.49ms aux_stage:0.5904
step:543/1000 train_loss:0.9321 train_bpb:0.5510 train_bpt:1.3448 train_time:906831ms step_avg:1670.04ms aux_stage:0.1481 mtp:12.730936 mtp_w:0.0004
step:544/1000 train_loss:0.9333 train_bpb:0.5456 train_bpt:1.3465 train_time:908292ms step_avg:1669.66ms aux_stage:0.5943
step:545/1000 train_loss:0.9259 train_bpb:0.5444 train_bpt:1.3358 train_time:910938ms step_avg:1671.45ms aux_stage:0.5962 graph_lm_loss:0.176457 graph_lm_bpb:0.1605 graph_lm_w:0.0477 oai_gfn:3.489795 gfn_H:0.9788 gfn_R:0.1391 oai_fot:4.443408 fot_H:0.9999 fot_R:0.8551 fot_div:0.3867 mtp:13.957328 mtp_w:0.0018 sidecar_loss:0.000118 graphcg:0.011044 analogy:0.065718 tokengt_graph:1.692163 memory:1.055216 toric:7.042440 vb1d:0.704018 bgg:0.166623 koszul:0.041324 cca:1.692352 derived:3.380226
step:546/1000 train_loss:0.9247 train_bpb:0.5407 train_bpt:1.3340 train_time:912121ms step_avg:1670.55ms aux_stage:0.5982
step:547/1000 train_loss:0.9265 train_bpb:0.5448 train_bpt:1.3366 train_time:913580ms step_avg:1670.17ms aux_stage:0.6002 mtp:13.191409 mtp_w:0.0018
step:548/1000 train_loss:0.9270 train_bpb:0.5432 train_bpt:1.3374 train_time:915051ms step_avg:1669.80ms aux_stage:0.6021
step:549/1000 train_loss:0.9212 train_bpb:0.5349 train_bpt:1.3291 train_time:917670ms step_avg:1671.53ms aux_stage:0.6041 graph_lm_loss:0.263107 graph_lm_bpb:0.2459 graph_lm_w:0.0483 oai_gfn:3.797325 gfn_H:0.9782 gfn_R:0.1193 oai_fot:4.629781 fot_H:1.0000 fot_R:0.6679 fot_div:0.3984 mtp:12.145214 mtp_w:0.0018 sidecar_loss:0.000121 graphcg:0.011076 analogy:0.065636 tokengt_graph:1.727544 memory:1.004001 toric:6.724104 vb1d:0.712028 bgg:0.167911 koszul:0.038226 cca:1.538872 derived:3.419378
step:550/1000 train_loss:0.9822 train_bpb:0.5750 train_bpt:1.4171 train_time:918876ms step_avg:1670.68ms aux_stage:0.1515
step:551/1000 train_loss:0.9367 train_bpb:0.5537 train_bpt:1.3514 train_time:920361ms step_avg:1670.35ms aux_stage:0.1520 mtp:13.000072 mtp_w:0.0005
step:552/1000 train_loss:0.9513 train_bpb:0.5559 train_bpt:1.3725 train_time:921809ms step_avg:1669.94ms aux_stage:0.1525
step:553/1000 train_loss:0.9356 train_bpb:0.5490 train_bpt:1.3497 train_time:924423ms step_avg:1671.65ms aux_stage:0.6119 graph_lm_loss:0.038909 graph_lm_bpb:0.0368 graph_lm_w:0.0490 oai_gfn:3.496671 gfn_H:0.9773 gfn_R:0.1511 oai_fot:4.504949 fot_H:1.0000 fot_R:0.6243 fot_div:0.3906 mtp:12.845077 mtp_w:0.0018 sidecar_loss:0.000116 graphcg:0.011333 analogy:0.065676 tokengt_graph:1.660661 memory:1.405814 toric:6.729983 vb1d:0.729235 bgg:0.173896 koszul:0.038216 cca:1.589446 derived:3.423669
step:554/1000 train_loss:0.9423 train_bpb:0.5456 train_bpt:1.3595 train_time:925601ms step_avg:1670.76ms aux_stage:0.6139
step:555/1000 train_loss:0.9569 train_bpb:0.5604 train_bpt:1.3805 train_time:927027ms step_avg:1670.32ms aux_stage:0.1540 mtp:14.243490 mtp_w:0.0005
step:556/1000 train_loss:0.9184 train_bpb:0.5358 train_bpt:1.3250 train_time:928468ms step_avg:1669.91ms aux_stage:0.6178
step:557/1000 train_loss:0.9342 train_bpb:0.5490 train_bpt:1.3477 train_time:931388ms step_avg:1672.15ms aux_stage:0.6198 graph_lm_loss:0.054945 graph_lm_bpb:0.0525 graph_lm_w:0.0496 oai_gfn:2.673455 gfn_H:0.9788 gfn_R:0.1542 oai_fot:4.795001 fot_H:0.9999 fot_R:0.6370 fot_div:0.4141 mtp:12.604211 mtp_w:0.0019 sidecar_loss:0.000129 graphcg:0.010924 analogy:0.065723 tokengt_graph:1.717230 memory:1.102402 toric:6.972865 vb1d:0.729983 bgg:0.172343 koszul:0.037886 cca:1.749763 derived:3.394268
step:558/1000 train_loss:0.9350 train_bpb:0.5469 train_bpt:1.3489 train_time:932540ms step_avg:1671.22ms aux_stage:0.6217
step:559/1000 train_loss:0.9661 train_bpb:0.5636 train_bpt:1.3938 train_time:933931ms step_avg:1670.72ms aux_stage:0.1559 mtp:11.785882 mtp_w:0.0005
step:560/1000 train_loss:0.9390 train_bpb:0.5580 train_bpt:1.3547 train_time:935355ms step_avg:1670.28ms aux_stage:0.1564
step:561/1000 train_loss:0.9334 train_bpb:0.5454 train_bpt:1.3466 train_time:937963ms step_avg:1671.95ms aux_stage:0.6276 graph_lm_loss:0.465946 graph_lm_bpb:0.3836 graph_lm_w:0.0502 oai_gfn:2.321404 gfn_H:0.9792 gfn_R:0.2087 oai_fot:5.376910 fot_H:0.9993 fot_R:0.4620 fot_div:0.3828 mtp:11.383226 mtp_w:0.0019 sidecar_loss:0.000120 graphcg:0.011152 analogy:0.065797 tokengt_graph:1.609638 memory:1.038698 toric:6.800752 vb1d:0.699373 bgg:0.170926 koszul:0.042099 cca:1.614290 derived:3.315004
step:562/1000 train_loss:0.9017 train_bpb:0.5281 train_bpt:1.3008 train_time:939161ms step_avg:1671.10ms aux_stage:0.6296
step:563/1000 train_loss:0.9122 train_bpb:0.5337 train_bpt:1.3160 train_time:940589ms step_avg:1670.67ms aux_stage:0.6315 mtp:14.630208 mtp_w:0.0019
step:564/1000 train_loss:0.8998 train_bpb:0.5319 train_bpt:1.2981 train_time:942064ms step_avg:1670.33ms aux_stage:0.6335
step:565/1000 train_loss:0.9107 train_bpb:0.5322 train_bpt:1.3139 train_time:944673ms step_avg:1671.99ms aux_stage:0.6354 graph_lm_loss:0.514082 graph_lm_bpb:0.4678 graph_lm_w:0.0508 oai_gfn:1.990806 gfn_H:0.9763 gfn_R:0.2070 oai_fot:5.062475 fot_H:0.9997 fot_R:0.5481 fot_div:0.4258 mtp:12.616515 mtp_w:0.0019 sidecar_loss:0.000130 graphcg:0.010967 analogy:0.065686 tokengt_graph:1.708997 memory:0.939813 toric:6.873663 vb1d:0.726016 bgg:0.169782 koszul:0.035898 cca:1.564646 derived:3.343893
step:566/1000 train_loss:0.9343 train_bpb:0.5551 train_bpt:1.3479 train_time:945865ms step_avg:1671.14ms aux_stage:0.1593
step:567/1000 train_loss:0.9023 train_bpb:0.5313 train_bpt:1.3018 train_time:947282ms step_avg:1670.69ms aux_stage:0.6394 mtp:13.432066 mtp_w:0.0019
step:568/1000 train_loss:0.9529 train_bpb:0.5631 train_bpt:1.3747 train_time:948747ms step_avg:1670.33ms aux_stage:0.1603
step:569/1000 train_loss:0.9273 train_bpb:0.5457 train_bpt:1.3379 train_time:951352ms step_avg:1671.97ms aux_stage:0.1608 graph_lm_loss:0.176676 graph_lm_bpb:0.1621 graph_lm_w:0.0129 oai_gfn:0.326001 gfn_H:0.9846 gfn_R:0.5275 oai_fot:4.592455 fot_H:0.9995 fot_R:0.8107 fot_div:0.4492 mtp:13.957463 mtp_w:0.0005 sidecar_loss:0.000033 graphcg:0.011031 analogy:0.065680 tokengt_graph:1.736059 memory:1.313424 toric:6.823887 vb1d:0.747422 bgg:0.170138 koszul:0.043570 cca:1.617219 derived:3.349149
step:570/1000 train_loss:0.9467 train_bpb:0.5592 train_bpt:1.3658 train_time:952520ms step_avg:1671.09ms aux_stage:0.1613
step:571/1000 train_loss:0.9475 train_bpb:0.5555 train_bpt:1.3670 train_time:953956ms step_avg:1670.68ms aux_stage:0.1618 mtp:11.693305 mtp_w:0.0005
step:572/1000 train_loss:0.9225 train_bpb:0.5356 train_bpt:1.3308 train_time:955379ms step_avg:1670.24ms aux_stage:0.6492
step:573/1000 train_loss:0.9428 train_bpb:0.5492 train_bpt:1.3601 train_time:957994ms step_avg:1671.89ms aux_stage:0.1628 graph_lm_loss:0.039005 graph_lm_bpb:0.0375 graph_lm_w:0.0130 oai_gfn:1.047839 gfn_H:0.9791 gfn_R:0.3007 oai_fot:4.735435 fot_H:0.9996 fot_R:0.6801 fot_div:0.3828 mtp:12.185478 mtp_w:0.0005 sidecar_loss:0.000033 graphcg:0.011228 analogy:0.065852 tokengt_graph:1.652050 memory:1.068317 toric:6.992968 vb1d:0.697321 bgg:0.166811 koszul:0.040659 cca:1.522519 derived:3.310205
step:574/1000 train_loss:0.9435 train_bpb:0.5486 train_bpt:1.3612 train_time:959182ms step_avg:1671.05ms aux_stage:0.1633
step:575/1000 train_loss:0.8897 train_bpb:0.5178 train_bpt:1.2835 train_time:960624ms step_avg:1670.65ms aux_stage:0.6550 mtp:11.972980 mtp_w:0.0020
step:576/1000 train_loss:0.9552 train_bpb:0.5639 train_bpt:1.3781 train_time:962083ms step_avg:1670.28ms aux_stage:0.1643
step:577/1000 train_loss:0.9321 train_bpb:0.5507 train_bpt:1.3448 train_time:964703ms step_avg:1671.93ms aux_stage:0.1647 graph_lm_loss:0.401142 graph_lm_bpb:0.3447 graph_lm_w:0.0132 oai_gfn:2.108510 gfn_H:0.9789 gfn_R:0.2133 oai_fot:4.900621 fot_H:0.9999 fot_R:0.6668 fot_div:0.4297 mtp:12.422442 mtp_w:0.0005 sidecar_loss:0.000031 graphcg:0.011308 analogy:0.065709 tokengt_graph:1.544387 memory:1.314841 toric:6.945797 vb1d:0.700051 bgg:0.163655 koszul:0.039963 cca:1.570849 derived:3.294304
step:578/1000 train_loss:0.9365 train_bpb:0.5502 train_bpt:1.3510 train_time:965884ms step_avg:1671.08ms aux_stage:0.1652
step:579/1000 train_loss:0.9109 train_bpb:0.5340 train_bpt:1.3142 train_time:967342ms step_avg:1670.71ms aux_stage:0.6629 mtp:10.679214 mtp_w:0.0020
step:580/1000 train_loss:0.9035 train_bpb:0.5274 train_bpt:1.3035 train_time:968807ms step_avg:1670.36ms aux_stage:0.6648
step:581/1000 train_loss:0.9145 train_bpb:0.5349 train_bpt:1.3193 train_time:971410ms step_avg:1671.96ms aux_stage:0.6668 graph_lm_loss:0.078233 graph_lm_bpb:0.0735 graph_lm_w:0.0533 oai_gfn:2.689939 gfn_H:0.9778 gfn_R:0.1709 oai_fot:5.079943 fot_H:0.9993 fot_R:0.5620 fot_div:0.4219 mtp:13.241049 mtp_w:0.0020 sidecar_loss:0.000129 graphcg:0.011209 analogy:0.065522 tokengt_graph:1.542936 memory:1.218284 toric:7.016168 vb1d:0.718321 bgg:0.168222 koszul:0.041888 cca:1.424873 derived:3.238865
step:582/1000 train_loss:0.9017 train_bpb:0.5264 train_bpt:1.3009 train_time:972621ms step_avg:1671.17ms aux_stage:0.6688
step:583/1000 train_loss:0.9186 train_bpb:0.5412 train_bpt:1.3253 train_time:974048ms step_avg:1670.75ms aux_stage:0.6707 mtp:12.321404 mtp_w:0.0020
step:584/1000 train_loss:0.9345 train_bpb:0.5455 train_bpt:1.3483 train_time:975524ms step_avg:1670.42ms aux_stage:0.1682
step:585/1000 train_loss:0.9419 train_bpb:0.5491 train_bpt:1.3588 train_time:978169ms step_avg:1672.08ms aux_stage:0.1687 graph_lm_loss:0.207929 graph_lm_bpb:0.1843 graph_lm_w:0.0135 oai_gfn:2.381635 gfn_H:0.9756 gfn_R:0.1875 oai_fot:4.413311 fot_H:0.9999 fot_R:0.7663 fot_div:0.4180 mtp:13.669001 mtp_w:0.0005 sidecar_loss:0.000037 graphcg:0.010969 analogy:0.065558 tokengt_graph:1.779030 memory:0.822896 toric:7.238940 vb1d:0.722795 bgg:0.164460 koszul:0.038555 cca:1.566836 derived:3.341428
step:586/1000 train_loss:0.9715 train_bpb:0.5710 train_bpt:1.4016 train_time:979361ms step_avg:1671.26ms aux_stage:0.1692
step:587/1000 train_loss:0.9132 train_bpb:0.5308 train_bpt:1.3175 train_time:980788ms step_avg:1670.85ms aux_stage:0.6786 mtp:12.621963 mtp_w:0.0020
step:588/1000 train_loss:0.9560 train_bpb:0.5573 train_bpt:1.3792 train_time:982226ms step_avg:1670.45ms aux_stage:0.1701
step:589/1000 train_loss:0.9635 train_bpb:0.5656 train_bpt:1.3901 train_time:984824ms step_avg:1672.03ms aux_stage:0.1706 graph_lm_loss:0.436637 graph_lm_bpb:0.3528 graph_lm_w:0.0136 oai_gfn:1.435212 gfn_H:0.9774 gfn_R:0.2858 oai_fot:4.773664 fot_H:0.9999 fot_R:0.7019 fot_div:0.3750 mtp:15.314571 mtp_w:0.0005 sidecar_loss:0.000038 graphcg:0.011426 analogy:0.065453 tokengt_graph:1.874143 memory:1.513193 toric:7.031914 vb1d:0.716398 bgg:0.166401 koszul:0.045382 cca:1.570384 derived:3.248019
step:590/1000 train_loss:0.9298 train_bpb:0.5433 train_bpt:1.3414 train_time:986015ms step_avg:1671.21ms aux_stage:0.6844
step:591/1000 train_loss:0.9269 train_bpb:0.5423 train_bpt:1.3372 train_time:987458ms step_avg:1670.83ms aux_stage:0.6864 mtp:12.238802 mtp_w:0.0021
step:592/1000 train_loss:0.9075 train_bpb:0.5308 train_bpt:1.3092 train_time:988935ms step_avg:1670.50ms aux_stage:0.6884
step:593/1000 train_loss:0.8915 train_bpb:0.5257 train_bpt:1.2862 train_time:991594ms step_avg:1672.16ms aux_stage:0.6903 graph_lm_loss:0.239129 graph_lm_bpb:0.2144 graph_lm_w:0.0552 oai_gfn:1.577143 gfn_H:0.9748 gfn_R:0.2685 oai_fot:4.630828 fot_H:0.9999 fot_R:0.6439 fot_div:0.3711 mtp:11.231271 mtp_w:0.0021 sidecar_loss:0.000152 graphcg:0.011326 analogy:0.065305 tokengt_graph:1.797343 memory:1.621322 toric:6.628054 vb1d:0.701289 bgg:0.164275 koszul:0.043034 cca:1.604411 derived:3.242290
step:594/1000 train_loss:0.9287 train_bpb:0.5423 train_bpt:1.3398 train_time:992791ms step_avg:1671.37ms aux_stage:0.6923
step:595/1000 train_loss:0.9373 train_bpb:0.5486 train_bpt:1.3523 train_time:994232ms step_avg:1670.98ms aux_stage:0.1736 mtp:12.445828 mtp_w:0.0005
step:596/1000 train_loss:0.9254 train_bpb:0.5440 train_bpt:1.3350 train_time:995691ms step_avg:1670.62ms aux_stage:0.1740
step:597/1000 train_loss:0.9239 train_bpb:0.5451 train_bpt:1.3330 train_time:998309ms step_avg:1672.21ms aux_stage:0.1745 graph_lm_loss:0.235640 graph_lm_bpb:0.2174 graph_lm_w:0.0140 oai_gfn:1.143088 gfn_H:0.9774 gfn_R:0.2482 oai_fot:7.020276 fot_H:0.9999 fot_R:0.2457 fot_div:0.1719 mtp:13.211485 mtp_w:0.0005 sidecar_loss:0.000033 graphcg:0.011313 analogy:0.065159 tokengt_graph:1.579579 memory:1.419665 toric:6.301730 vb1d:0.710452 bgg:0.179061 koszul:0.038428 cca:1.385868 derived:3.276676
step:598/1000 train_loss:0.9222 train_bpb:0.5425 train_bpt:1.3304 train_time:999507ms step_avg:1671.42ms aux_stage:0.7001
step:599/1000 train_loss:0.9183 train_bpb:0.5387 train_bpt:1.3249 train_time:1000959ms step_avg:1671.05ms aux_stage:0.7021 mtp:14.352214 mtp_w:0.0021
step:600/1000 train_loss:0.9333 train_bpb:0.5496 train_bpt:1.3465 train_time:1002438ms step_avg:1670.73ms aux_stage:0.1760
step:601/1000 train_loss:0.9465 train_bpb:0.5554 train_bpt:1.3656 train_time:1005081ms step_avg:1672.35ms aux_stage:0.1765 graph_lm_loss:0.028041 graph_lm_bpb:0.0268 graph_lm_w:0.0141 oai_gfn:0.953633 gfn_H:0.9787 gfn_R:0.3066 oai_fot:4.781501 fot_H:0.9994 fot_R:0.5915 fot_div:0.3281 mtp:11.692666 mtp_w:0.0005 sidecar_loss:0.000037 graphcg:0.011244 analogy:0.064947 tokengt_graph:1.575323 memory:1.522734 toric:6.438458 vb1d:0.722666 bgg:0.177409 koszul:0.038416 cca:1.443229 derived:3.369278
step:602/1000 train_loss:0.8940 train_bpb:0.5286 train_bpt:1.2897 train_time:1006244ms step_avg:1671.50ms aux_stage:0.7080
step:603/1000 train_loss:0.9173 train_bpb:0.5372 train_bpt:1.3235 train_time:1007679ms step_avg:1671.11ms aux_stage:0.7099 mtp:12.452762 mtp_w:0.0021
step:604/1000 train_loss:0.8763 train_bpb:0.5172 train_bpt:1.2642 train_time:1009125ms step_avg:1670.74ms aux_stage:0.7119
step:605/1000 train_loss:0.9337 train_bpb:0.5540 train_bpt:1.3471 train_time:1011745ms step_avg:1672.31ms aux_stage:0.1785 graph_lm_loss:0.151721 graph_lm_bpb:0.1372 graph_lm_w:0.0143 oai_gfn:1.366042 gfn_H:0.9771 gfn_R:0.2907 oai_fot:4.882941 fot_H:0.9995 fot_R:0.6984 fot_div:0.3516 mtp:12.367535 mtp_w:0.0005 sidecar_loss:0.000035 graphcg:0.011317 analogy:0.064884 tokengt_graph:1.507979 memory:1.312397 toric:6.442915 vb1d:0.713263 bgg:0.181359 koszul:0.042306 cca:1.508186 derived:3.264212
step:606/1000 train_loss:0.9015 train_bpb:0.5284 train_bpt:1.3007 train_time:1012949ms step_avg:1671.53ms aux_stage:0.7158
step:607/1000 train_loss:0.9161 train_bpb:0.5340 train_bpt:1.3216 train_time:1014371ms step_avg:1671.12ms aux_stage:0.7178 mtp:11.864622 mtp_w:0.0022
step:608/1000 train_loss:0.9260 train_bpb:0.5382 train_bpt:1.3359 train_time:1015830ms step_avg:1670.77ms aux_stage:0.7197
step:609/1000 train_loss:0.9276 train_bpb:0.5357 train_bpt:1.3382 train_time:1018767ms step_avg:1672.85ms aux_stage:0.7217 graph_lm_loss:0.308804 graph_lm_bpb:0.2797 graph_lm_w:0.0577 oai_gfn:2.876914 gfn_H:0.9741 gfn_R:0.1700 oai_fot:5.153405 fot_H:0.9999 fot_R:0.4435 fot_div:0.3438 mtp:11.622992 mtp_w:0.0022 sidecar_loss:0.000138 graphcg:0.011033 analogy:0.065135 tokengt_graph:1.491796 memory:1.019847 toric:6.464405 vb1d:0.734980 bgg:0.173955 koszul:0.037722 cca:1.426816 derived:3.377480
step:610/1000 train_loss:0.9403 train_bpb:0.5488 train_bpt:1.3565 train_time:1019901ms step_avg:1671.97ms aux_stage:0.1809
step:611/1000 train_loss:0.9236 train_bpb:0.5479 train_bpt:1.3325 train_time:1021312ms step_avg:1671.54ms aux_stage:0.1814 mtp:12.767782 mtp_w:0.0005
step:612/1000 train_loss:0.9619 train_bpb:0.5667 train_bpt:1.3877 train_time:1022778ms step_avg:1671.21ms aux_stage:0.1819
step:613/1000 train_loss:0.9179 train_bpb:0.5356 train_bpt:1.3242 train_time:1025404ms step_avg:1672.76ms aux_stage:0.7295 graph_lm_loss:0.085368 graph_lm_bpb:0.0790 graph_lm_w:0.0584 oai_gfn:2.523034 gfn_H:0.9755 gfn_R:0.1720 oai_fot:4.554499 fot_H:1.0000 fot_R:0.8122 fot_div:0.3477 mtp:12.565301 mtp_w:0.0022 sidecar_loss:0.000155 graphcg:0.011242 analogy:0.065014 tokengt_graph:1.678760 memory:1.203468 toric:6.139323 vb1d:0.703078 bgg:0.163209 koszul:0.044020 cca:1.540344 derived:3.286287
step:614/1000 train_loss:0.9139 train_bpb:0.5373 train_bpt:1.3185 train_time:1026597ms step_avg:1671.98ms aux_stage:0.7315
step:615/1000 train_loss:0.9227 train_bpb:0.5383 train_bpt:1.3311 train_time:1028055ms step_avg:1671.63ms aux_stage:0.7334 mtp:11.614700 mtp_w:0.0022
step:616/1000 train_loss:0.9066 train_bpb:0.5348 train_bpt:1.3079 train_time:1029533ms step_avg:1671.32ms aux_stage:0.7354
step:617/1000 train_loss:0.9056 train_bpb:0.5325 train_bpt:1.3065 train_time:1032180ms step_avg:1672.90ms aux_stage:0.7374 graph_lm_loss:0.273064 graph_lm_bpb:0.2431 graph_lm_w:0.0590 oai_gfn:2.371050 gfn_H:0.9704 gfn_R:0.1706 oai_fot:5.888999 fot_H:0.9997 fot_R:0.3170 fot_div:0.2734 mtp:9.807708 mtp_w:0.0022 sidecar_loss:0.000153 graphcg:0.011158 analogy:0.064767 tokengt_graph:1.582474 memory:1.135238 toric:6.462139 vb1d:0.693693 bgg:0.163625 koszul:0.038866 cca:1.548053 derived:3.271016
step:618/1000 train_loss:0.9173 train_bpb:0.5336 train_bpt:1.3233 train_time:1033372ms step_avg:1672.12ms aux_stage:0.7393
step:619/1000 train_loss:0.8969 train_bpb:0.5241 train_bpt:1.2940 train_time:1034815ms step_avg:1671.75ms aux_stage:0.7413 mtp:12.608399 mtp_w:0.0022
step:620/1000 train_loss:0.9254 train_bpb:0.5480 train_bpt:1.3350 train_time:1036301ms step_avg:1671.45ms aux_stage:0.1858
step:621/1000 train_loss:0.9084 train_bpb:0.5243 train_bpt:1.3105 train_time:1038934ms step_avg:1673.00ms aux_stage:0.7452 graph_lm_loss:0.276626 graph_lm_bpb:0.2441 graph_lm_w:0.0596 oai_gfn:1.417758 gfn_H:0.9766 gfn_R:0.2516 oai_fot:4.507043 fot_H:0.9999 fot_R:0.6817 fot_div:0.4102 mtp:11.690370 mtp_w:0.0022 sidecar_loss:0.000139 graphcg:0.011262 analogy:0.065219 tokengt_graph:1.409691 memory:1.424553 toric:6.634538 vb1d:0.692957 bgg:0.171430 koszul:0.039241 cca:1.499929 derived:3.294303
step:622/1000 train_loss:0.9374 train_bpb:0.5526 train_bpt:1.3524 train_time:1040115ms step_avg:1672.21ms aux_stage:0.1868
step:623/1000 train_loss:0.8975 train_bpb:0.5280 train_bpt:1.2948 train_time:1041533ms step_avg:1671.80ms aux_stage:0.7491 mtp:12.303205 mtp_w:0.0022
step:624/1000 train_loss:0.9259 train_bpb:0.5444 train_bpt:1.3357 train_time:1043003ms step_avg:1671.48ms aux_stage:0.1878
step:625/1000 train_loss:0.8995 train_bpb:0.5238 train_bpt:1.2977 train_time:1045625ms step_avg:1673.00ms aux_stage:0.7530 graph_lm_loss:0.189432 graph_lm_bpb:0.1692 graph_lm_w:0.0602 oai_gfn:0.686033 gfn_H:0.9768 gfn_R:0.3760 oai_fot:4.495216 fot_H:0.9997 fot_R:0.7174 fot_div:0.3203 mtp:9.858500 mtp_w:0.0023 sidecar_loss:0.000138 graphcg:0.011160 analogy:0.065213 tokengt_graph:1.437203 memory:1.330536 toric:6.374715 vb1d:0.738647 bgg:0.176770 koszul:0.041773 cca:1.535204 derived:3.332787
step:626/1000 train_loss:0.9027 train_bpb:0.5241 train_bpt:1.3023 train_time:1046801ms step_avg:1672.21ms aux_stage:0.7550
step:627/1000 train_loss:0.8874 train_bpb:0.5206 train_bpt:1.2803 train_time:1048229ms step_avg:1671.82ms aux_stage:0.7570 mtp:13.664646 mtp_w:0.0023
step:628/1000 train_loss:0.9379 train_bpb:0.5498 train_bpt:1.3531 train_time:1049681ms step_avg:1671.47ms aux_stage:0.1897
step:629/1000 train_loss:0.9031 train_bpb:0.5295 train_bpt:1.3029 train_time:1052323ms step_avg:1673.01ms aux_stage:0.7609 graph_lm_loss:0.083900 graph_lm_bpb:0.0774 graph_lm_w:0.0609 oai_gfn:1.115891 gfn_H:0.9738 gfn_R:0.2939 oai_fot:4.653833 fot_H:0.9999 fot_R:0.7610 fot_div:0.3750 mtp:11.976534 mtp_w:0.0023 sidecar_loss:0.000155 graphcg:0.011210 analogy:0.065433 tokengt_graph:1.541697 memory:1.013222 toric:6.791095 vb1d:0.724320 bgg:0.169255 koszul:0.039403 cca:1.552763 derived:3.346938
step:630/1000 train_loss:0.9278 train_bpb:0.5432 train_bpt:1.3385 train_time:1053498ms step_avg:1672.22ms aux_stage:0.1907
step:631/1000 train_loss:0.9146 train_bpb:0.5376 train_bpt:1.3195 train_time:1054922ms step_avg:1671.83ms aux_stage:0.1912 mtp:11.772434 mtp_w:0.0006
step:632/1000 train_loss:0.9053 train_bpb:0.5280 train_bpt:1.3061 train_time:1056366ms step_avg:1671.46ms aux_stage:0.7668
step:633/1000 train_loss:0.9043 train_bpb:0.5278 train_bpt:1.3046 train_time:1058992ms step_avg:1672.97ms aux_stage:0.7687 graph_lm_loss:0.538511 graph_lm_bpb:0.4428 graph_lm_w:0.0615 oai_gfn:1.334033 gfn_H:0.9750 gfn_R:0.2769 oai_fot:4.849782 fot_H:0.9998 fot_R:0.5674 fot_div:0.3867 mtp:12.173520 mtp_w:0.0023 sidecar_loss:0.000155 graphcg:0.011361 analogy:0.065082 tokengt_graph:1.564903 memory:1.528796 toric:6.796136 vb1d:0.711667 bgg:0.173589 koszul:0.042427 cca:1.378103 derived:3.402094
step:634/1000 train_loss:0.9032 train_bpb:0.5245 train_bpt:1.3030 train_time:1060175ms step_avg:1672.20ms aux_stage:0.7707
step:635/1000 train_loss:0.9056 train_bpb:0.5270 train_bpt:1.3065 train_time:1061599ms step_avg:1671.81ms aux_stage:0.7726 mtp:12.207035 mtp_w:0.0023
step:636/1000 train_loss:0.8885 train_bpb:0.5226 train_bpt:1.2818 train_time:1063056ms step_avg:1671.47ms aux_stage:0.7746
step:637/1000 train_loss:0.8855 train_bpb:0.5179 train_bpt:1.2775 train_time:1065692ms step_avg:1672.99ms aux_stage:0.7766 graph_lm_loss:0.137017 graph_lm_bpb:0.1256 graph_lm_w:0.0621 oai_gfn:2.269013 gfn_H:0.9716 gfn_R:0.1703 oai_fot:4.726652 fot_H:0.9998 fot_R:0.6863 fot_div:0.3750 mtp:11.737371 mtp_w:0.0023 sidecar_loss:0.000158 graphcg:0.011336 analogy:0.065343 tokengt_graph:1.527822 memory:0.980806 toric:6.321626 vb1d:0.704525 bgg:0.174407 koszul:0.035966 cca:1.360051 derived:3.300393
step:638/1000 train_loss:0.9012 train_bpb:0.5230 train_bpt:1.3001 train_time:1066882ms step_avg:1672.23ms aux_stage:0.7785
step:639/1000 train_loss:0.9283 train_bpb:0.5385 train_bpt:1.3392 train_time:1068321ms step_avg:1671.86ms aux_stage:0.1951 mtp:10.699522 mtp_w:0.0006
step:640/1000 train_loss:0.9255 train_bpb:0.5446 train_bpt:1.3353 train_time:1069810ms step_avg:1671.58ms aux_stage:0.1956
step:641/1000 train_loss:0.8994 train_bpb:0.5211 train_bpt:1.2975 train_time:1072434ms step_avg:1673.06ms aux_stage:0.7844 graph_lm_loss:0.028894 graph_lm_bpb:0.0279 graph_lm_w:0.0628 oai_gfn:3.733192 gfn_H:0.9724 gfn_R:0.1249 oai_fot:4.399132 fot_H:0.9995 fot_R:0.7974 fot_div:0.3711 mtp:11.500303 mtp_w:0.0024 sidecar_loss:0.000139 graphcg:0.011264 analogy:0.065370 tokengt_graph:1.384360 memory:1.445692 toric:6.705017 vb1d:0.696013 bgg:0.174340 koszul:0.040075 cca:1.439750 derived:3.274829
step:642/1000 train_loss:0.9046 train_bpb:0.5309 train_bpt:1.3050 train_time:1073645ms step_avg:1672.34ms aux_stage:0.1966
step:643/1000 train_loss:0.9207 train_bpb:0.5408 train_bpt:1.3283 train_time:1075092ms step_avg:1671.99ms aux_stage:0.1971 mtp:11.890979 mtp_w:0.0006
step:644/1000 train_loss:0.9292 train_bpb:0.5423 train_bpt:1.3406 train_time:1076538ms step_avg:1671.64ms aux_stage:0.1976
step:645/1000 train_loss:0.8828 train_bpb:0.5158 train_bpt:1.2736 train_time:1079153ms step_avg:1673.11ms aux_stage:0.7922 graph_lm_loss:0.549557 graph_lm_bpb:0.4472 graph_lm_w:0.0634 oai_gfn:0.946436 gfn_H:0.9741 gfn_R:0.3262 oai_fot:4.422651 fot_H:0.9999 fot_R:0.7963 fot_div:0.3594 mtp:12.568254 mtp_w:0.0024 sidecar_loss:0.000135 graphcg:0.011222 analogy:0.065297 tokengt_graph:1.344650 memory:1.325455 toric:6.591498 vb1d:0.730698 bgg:0.167254 koszul:0.036371 cca:1.610039 derived:3.315265
step:646/1000 train_loss:0.8969 train_bpb:0.5288 train_bpt:1.2939 train_time:1080356ms step_avg:1672.38ms aux_stage:0.7942
step:647/1000 train_loss:0.9069 train_bpb:0.5248 train_bpt:1.3083 train_time:1081785ms step_avg:1672.00ms aux_stage:0.7962 mtp:12.314308 mtp_w:0.0024
step:648/1000 train_loss:0.9135 train_bpb:0.5299 train_bpt:1.3178 train_time:1083226ms step_avg:1671.65ms aux_stage:0.7981
step:649/1000 train_loss:0.8785 train_bpb:0.5171 train_bpt:1.2674 train_time:1085848ms step_avg:1673.11ms aux_stage:0.8001 graph_lm_loss:0.522471 graph_lm_bpb:0.4342 graph_lm_w:0.0640 oai_gfn:2.252343 gfn_H:0.9705 gfn_R:0.2084 oai_fot:4.530361 fot_H:0.9996 fot_R:0.7300 fot_div:0.3398 mtp:11.919669 mtp_w:0.0024 sidecar_loss:0.000143 graphcg:0.011182 analogy:0.065422 tokengt_graph:1.354487 memory:1.340878 toric:6.450125 vb1d:0.707719 bgg:0.174844 koszul:0.041465 cca:1.519054 derived:3.252582
step:650/1000 train_loss:0.8755 train_bpb:0.5188 train_bpt:1.2630 train_time:1087051ms step_avg:1672.39ms aux_stage:0.8020
step:651/1000 train_loss:0.8934 train_bpb:0.5216 train_bpt:1.2889 train_time:1088499ms step_avg:1672.04ms aux_stage:0.8040 mtp:12.226465 mtp_w:0.0024
step:652/1000 train_loss:0.8737 train_bpb:0.5151 train_bpt:1.2605 train_time:1089942ms step_avg:1671.69ms aux_stage:0.8060
step:653/1000 train_loss:0.8752 train_bpb:0.5097 train_bpt:1.2626 train_time:1092549ms step_avg:1673.12ms aux_stage:0.8079 graph_lm_loss:0.297642 graph_lm_bpb:0.2704 graph_lm_w:0.0646 oai_gfn:0.147652 gfn_H:0.9708 gfn_R:0.5870 oai_fot:4.671730 fot_H:0.9999 fot_R:0.7471 fot_div:0.3281 mtp:9.874120 mtp_w:0.0024 sidecar_loss:0.000159 graphcg:0.011001 analogy:0.065506 tokengt_graph:1.484181 memory:0.879711 toric:6.435812 vb1d:0.733065 bgg:0.164653 koszul:0.041006 cca:1.390584 derived:3.258354
step:654/1000 train_loss:0.9065 train_bpb:0.5299 train_bpt:1.3078 train_time:1093755ms step_avg:1672.41ms aux_stage:0.2025
step:655/1000 train_loss:0.9018 train_bpb:0.5313 train_bpt:1.3010 train_time:1095199ms step_avg:1672.06ms aux_stage:0.2030 mtp:10.008990 mtp_w:0.0006
step:656/1000 train_loss:0.9160 train_bpb:0.5363 train_bpt:1.3215 train_time:1096667ms step_avg:1671.75ms aux_stage:0.2035
step:657/1000 train_loss:0.9137 train_bpb:0.5377 train_bpt:1.3182 train_time:1099314ms step_avg:1673.23ms aux_stage:0.2039 graph_lm_loss:0.024321 graph_lm_bpb:0.0232 graph_lm_w:0.0163 oai_gfn:2.405608 gfn_H:0.9733 gfn_R:0.1836 oai_fot:5.147292 fot_H:0.9997 fot_R:0.5941 fot_div:0.3867 mtp:12.594181 mtp_w:0.0006 sidecar_loss:0.000039 graphcg:0.011014 analogy:0.065707 tokengt_graph:1.388246 memory:1.065998 toric:6.318223 vb1d:0.710071 bgg:0.169012 koszul:0.037801 cca:1.516509 derived:3.314358
step:658/1000 train_loss:0.8901 train_bpb:0.5199 train_bpt:1.2842 train_time:1100492ms step_avg:1672.48ms aux_stage:0.8177
step:659/1000 train_loss:0.8940 train_bpb:0.5227 train_bpt:1.2898 train_time:1101949ms step_avg:1672.15ms aux_stage:0.8197 mtp:12.405454 mtp_w:0.0025
step:660/1000 train_loss:0.8787 train_bpb:0.5146 train_bpt:1.2677 train_time:1103422ms step_avg:1671.85ms aux_stage:0.8216
step:661/1000 train_loss:0.8995 train_bpb:0.5307 train_bpt:1.2977 train_time:1106319ms step_avg:1673.70ms aux_stage:0.2059 graph_lm_loss:0.194224 graph_lm_bpb:0.1741 graph_lm_w:0.0165 oai_gfn:1.823350 gfn_H:0.9744 gfn_R:0.2044 oai_fot:4.620503 fot_H:1.0000 fot_R:0.7373 fot_div:0.3984 mtp:12.204388 mtp_w:0.0006 sidecar_loss:0.000043 graphcg:0.011271 analogy:0.065609 tokengt_graph:1.574724 memory:1.366785 toric:6.790900 vb1d:0.694528 bgg:0.159687 koszul:0.040044 cca:1.525228 derived:3.254268
step:662/1000 train_loss:0.8615 train_bpb:0.5026 train_bpt:1.2428 train_time:1107488ms step_avg:1672.94ms aux_stage:0.8256
step:663/1000 train_loss:0.9026 train_bpb:0.5289 train_bpt:1.3022 train_time:1108894ms step_avg:1672.54ms aux_stage:0.2069 mtp:12.245763 mtp_w:0.0006
step:664/1000 train_loss:0.8780 train_bpb:0.5137 train_bpt:1.2666 train_time:1110335ms step_avg:1672.19ms aux_stage:0.8295
step:665/1000 train_loss:0.9355 train_bpb:0.5498 train_bpt:1.3496 train_time:1112936ms step_avg:1673.59ms aux_stage:0.2079 graph_lm_loss:0.338509 graph_lm_bpb:0.2934 graph_lm_w:0.0166 oai_gfn:1.047386 gfn_H:0.9780 gfn_R:0.3117 oai_fot:4.336675 fot_H:0.9988 fot_R:0.6756 fot_div:0.3789 mtp:11.857633 mtp_w:0.0006 sidecar_loss:0.000036 graphcg:0.011241 analogy:0.065164 tokengt_graph:1.319168 memory:1.674872 toric:6.222028 vb1d:0.685798 bgg:0.169954 koszul:0.039604 cca:1.439716 derived:3.251022
step:666/1000 train_loss:0.9304 train_bpb:0.5428 train_bpt:1.3423 train_time:1114122ms step_avg:1672.86ms aux_stage:0.2083
step:667/1000 train_loss:0.9306 train_bpb:0.5376 train_bpt:1.3425 train_time:1115546ms step_avg:1672.48ms aux_stage:0.2088 mtp:12.691759 mtp_w:0.0006
step:668/1000 train_loss:0.8859 train_bpb:0.5141 train_bpt:1.2780 train_time:1117003ms step_avg:1672.16ms aux_stage:0.8373
step:669/1000 train_loss:0.9062 train_bpb:0.5341 train_bpt:1.3074 train_time:1119621ms step_avg:1673.57ms aux_stage:0.2098 graph_lm_loss:0.623243 graph_lm_bpb:0.4951 graph_lm_w:0.0168 oai_gfn:0.646359 gfn_H:0.9775 gfn_R:0.3643 oai_fot:5.468407 fot_H:0.9993 fot_R:0.4430 fot_div:0.3711 mtp:11.753736 mtp_w:0.0006 sidecar_loss:0.000041 graphcg:0.011137 analogy:0.065634 tokengt_graph:1.516144 memory:0.682361 toric:6.767311 vb1d:0.709456 bgg:0.162091 koszul:0.039326 cca:1.498626 derived:3.281865
step:670/1000 train_loss:0.8973 train_bpb:0.5270 train_bpt:1.2945 train_time:1120826ms step_avg:1672.87ms aux_stage:0.8412
step:671/1000 train_loss:0.9052 train_bpb:0.5296 train_bpt:1.3059 train_time:1122279ms step_avg:1672.55ms aux_stage:0.2108 mtp:12.349894 mtp_w:0.0006
step:672/1000 train_loss:0.9056 train_bpb:0.5278 train_bpt:1.3064 train_time:1123724ms step_avg:1672.21ms aux_stage:0.8452
step:673/1000 train_loss:0.9229 train_bpb:0.5402 train_bpt:1.3315 train_time:1126331ms step_avg:1673.60ms aux_stage:0.2118 graph_lm_loss:0.033253 graph_lm_bpb:0.0316 graph_lm_w:0.0169 oai_gfn:1.413455 gfn_H:0.9725 gfn_R:0.2501 oai_fot:4.656066 fot_H:0.9999 fot_R:0.9303 fot_div:0.3477 mtp:13.035094 mtp_w:0.0006 sidecar_loss:0.000040 graphcg:0.011455 analogy:0.065582 tokengt_graph:1.533633 memory:1.342702 toric:6.802913 vb1d:0.714242 bgg:0.159806 koszul:0.042117 cca:1.449931 derived:3.210902
step:674/1000 train_loss:0.8835 train_bpb:0.5212 train_bpt:1.2747 train_time:1127518ms step_avg:1672.88ms aux_stage:0.8491
step:675/1000 train_loss:0.9193 train_bpb:0.5378 train_bpt:1.3263 train_time:1128931ms step_avg:1672.49ms aux_stage:0.2128 mtp:12.533018 mtp_w:0.0006
step:676/1000 train_loss:0.8997 train_bpb:0.5342 train_bpt:1.2979 train_time:1130374ms step_avg:1672.15ms aux_stage:0.2132
step:677/1000 train_loss:0.9135 train_bpb:0.5336 train_bpt:1.3180 train_time:1133002ms step_avg:1673.56ms aux_stage:0.2137 graph_lm_loss:0.331012 graph_lm_bpb:0.2823 graph_lm_w:0.0171 oai_gfn:1.595699 gfn_H:0.9673 gfn_R:0.2459 oai_fot:4.789208 fot_H:0.9999 fot_R:0.5885 fot_div:0.3594 mtp:11.330498 mtp_w:0.0006 sidecar_loss:0.000041 graphcg:0.011258 analogy:0.065364 tokengt_graph:1.416243 memory:0.968919 toric:6.538783 vb1d:0.706582 bgg:0.160694 koszul:0.037367 cca:1.417622 derived:3.268630
step:678/1000 train_loss:0.9142 train_bpb:0.5442 train_bpt:1.3189 train_time:1134201ms step_avg:1672.86ms aux_stage:0.2142
step:679/1000 train_loss:0.9135 train_bpb:0.5356 train_bpt:1.3179 train_time:1135652ms step_avg:1672.54ms aux_stage:0.2147 mtp:13.097672 mtp_w:0.0006
step:680/1000 train_loss:0.8891 train_bpb:0.5248 train_bpt:1.2827 train_time:1137136ms step_avg:1672.26ms aux_stage:0.8608
step:681/1000 train_loss:0.8994 train_bpb:0.5290 train_bpt:1.2975 train_time:1139752ms step_avg:1673.65ms aux_stage:0.8628 graph_lm_loss:0.353520 graph_lm_bpb:0.3141 graph_lm_w:0.0690 oai_gfn:3.132835 gfn_H:0.9692 gfn_R:0.1363 oai_fot:4.749190 fot_H:0.9994 fot_R:0.6765 fot_div:0.4023 mtp:12.246014 mtp_w:0.0026 sidecar_loss:0.000155 graphcg:0.011234 analogy:0.065049 tokengt_graph:1.294757 memory:1.560132 toric:6.318566 vb1d:0.745583 bgg:0.168870 koszul:0.039435 cca:1.380491 derived:3.291264
step:682/1000 train_loss:0.8838 train_bpb:0.5210 train_bpt:1.2750 train_time:1140948ms step_avg:1672.94ms aux_stage:0.8648
step:683/1000 train_loss:0.9042 train_bpb:0.5308 train_bpt:1.3046 train_time:1142396ms step_avg:1672.61ms aux_stage:0.2167 mtp:11.477997 mtp_w:0.0007
step:684/1000 train_loss:0.9047 train_bpb:0.5302 train_bpt:1.3052 train_time:1143851ms step_avg:1672.30ms aux_stage:0.2172
step:685/1000 train_loss:0.8815 train_bpb:0.5193 train_bpt:1.2718 train_time:1146463ms step_avg:1673.67ms aux_stage:0.8706 graph_lm_loss:0.176409 graph_lm_bpb:0.1518 graph_lm_w:0.0697 oai_gfn:1.669061 gfn_H:0.9750 gfn_R:0.2482 oai_fot:4.714756 fot_H:0.9982 fot_R:0.6129 fot_div:0.4141 mtp:13.623009 mtp_w:0.0026 sidecar_loss:0.000147 graphcg:0.011163 analogy:0.065148 tokengt_graph:1.262703 memory:1.371269 toric:6.347781 vb1d:0.728911 bgg:0.163976 koszul:0.039204 cca:1.322052 derived:3.098685
step:686/1000 train_loss:0.8960 train_bpb:0.5193 train_bpt:1.2927 train_time:1147659ms step_avg:1672.97ms aux_stage:0.8726
step:687/1000 train_loss:0.8785 train_bpb:0.5154 train_bpt:1.2674 train_time:1149099ms step_avg:1672.63ms aux_stage:0.8746 mtp:12.338408 mtp_w:0.0026
step:688/1000 train_loss:0.9146 train_bpb:0.5357 train_bpt:1.3194 train_time:1150587ms step_avg:1672.37ms aux_stage:0.2191
step:689/1000 train_loss:0.9086 train_bpb:0.5291 train_bpt:1.3109 train_time:1153222ms step_avg:1673.76ms aux_stage:0.2196 graph_lm_loss:0.467753 graph_lm_bpb:0.4110 graph_lm_w:0.0176 oai_gfn:2.563764 gfn_H:0.9703 gfn_R:0.1679 oai_fot:4.475901 fot_H:0.9998 fot_R:0.6507 fot_div:0.3203 mtp:11.880114 mtp_w:0.0007 sidecar_loss:0.000037 graphcg:0.011247 analogy:0.064749 tokengt_graph:1.334852 memory:1.468185 toric:6.295789 vb1d:0.710659 bgg:0.170356 koszul:0.039958 cca:1.222662 derived:3.310573
step:690/1000 train_loss:0.8913 train_bpb:0.5153 train_bpt:1.2859 train_time:1154425ms step_avg:1673.08ms aux_stage:0.8804
step:691/1000 train_loss:0.9016 train_bpb:0.5325 train_bpt:1.3008 train_time:1155856ms step_avg:1672.73ms aux_stage:0.2206 mtp:12.643230 mtp_w:0.0007
step:692/1000 train_loss:0.9010 train_bpb:0.5329 train_bpt:1.2999 train_time:1157325ms step_avg:1672.44ms aux_stage:0.2211
step:693/1000 train_loss:0.9093 train_bpb:0.5329 train_bpt:1.3119 train_time:1159950ms step_avg:1673.81ms aux_stage:0.2216 graph_lm_loss:0.140604 graph_lm_bpb:0.1301 graph_lm_w:0.0177 oai_gfn:0.515015 gfn_H:0.9736 gfn_R:0.3980 oai_fot:4.568728 fot_H:0.9999 fot_R:0.7928 fot_div:0.3750 mtp:12.443063 mtp_w:0.0007 sidecar_loss:0.000041 graphcg:0.011165 analogy:0.065406 tokengt_graph:1.414275 memory:0.847800 toric:6.552611 vb1d:0.713008 bgg:0.166940 koszul:0.044765 cca:1.356172 derived:3.333828
step:694/1000 train_loss:0.8841 train_bpb:0.5191 train_bpt:1.2755 train_time:1161172ms step_avg:1673.16ms aux_stage:0.8883
step:695/1000 train_loss:0.8997 train_bpb:0.5258 train_bpt:1.2979 train_time:1162591ms step_avg:1672.79ms aux_stage:0.8902 mtp:12.006248 mtp_w:0.0027
step:696/1000 train_loss:0.8920 train_bpb:0.5235 train_bpt:1.2869 train_time:1164040ms step_avg:1672.47ms aux_stage:0.8922
step:697/1000 train_loss:0.8995 train_bpb:0.5260 train_bpt:1.2976 train_time:1166653ms step_avg:1673.82ms aux_stage:0.8942 graph_lm_loss:0.027553 graph_lm_bpb:0.0265 graph_lm_w:0.0715 oai_gfn:2.480947 gfn_H:0.9680 gfn_R:0.1781 oai_fot:4.800450 fot_H:0.9999 fot_R:0.6957 fot_div:0.3867 mtp:12.117833 mtp_w:0.0027 sidecar_loss:0.000167 graphcg:0.011231 analogy:0.065359 tokengt_graph:1.401011 memory:1.002498 toric:6.567873 vb1d:0.697392 bgg:0.167077 koszul:0.039097 cca:1.355961 derived:3.298024
step:698/1000 train_loss:0.8929 train_bpb:0.5269 train_bpt:1.2882 train_time:1167833ms step_avg:1673.11ms aux_stage:0.2240
step:699/1000 train_loss:0.8785 train_bpb:0.5160 train_bpt:1.2674 train_time:1169254ms step_avg:1672.75ms aux_stage:0.8981 mtp:11.566153 mtp_w:0.0027
step:700/1000 train_loss:0.8957 train_bpb:0.5225 train_bpt:1.2922 train_time:1170709ms step_avg:1672.44ms aux_stage:0.9000
step:701/1000 train_loss:0.8939 train_bpb:0.5230 train_bpt:1.2896 train_time:1173315ms step_avg:1673.77ms aux_stage:0.9020 graph_lm_loss:0.630669 graph_lm_bpb:0.5508 graph_lm_w:0.0722 oai_gfn:0.849378 gfn_H:0.9750 gfn_R:0.3746 oai_fot:4.702956 fot_H:0.9994 fot_R:0.7098 fot_div:0.3438 mtp:11.380918 mtp_w:0.0027 sidecar_loss:0.000171 graphcg:0.011179 analogy:0.065562 tokengt_graph:1.448052 memory:0.724180 toric:6.634654 vb1d:0.700012 bgg:0.160727 koszul:0.031896 cca:1.478651 derived:3.315381
step:702/1000 train_loss:0.8924 train_bpb:0.5199 train_bpt:1.2874 train_time:1174521ms step_avg:1673.11ms aux_stage:0.9040
step:703/1000 train_loss:0.9018 train_bpb:0.5252 train_bpt:1.3010 train_time:1175954ms step_avg:1672.77ms aux_stage:0.2265 mtp:10.177491 mtp_w:0.0007
step:704/1000 train_loss:0.9136 train_bpb:0.5351 train_bpt:1.3180 train_time:1177425ms step_avg:1672.48ms aux_stage:0.2270
step:705/1000 train_loss:0.8689 train_bpb:0.5095 train_bpt:1.2535 train_time:1180049ms step_avg:1673.83ms aux_stage:0.9098 graph_lm_loss:0.197432 graph_lm_bpb:0.1769 graph_lm_w:0.0728 oai_gfn:0.848096 gfn_H:0.9706 gfn_R:0.3422 oai_fot:4.716175 fot_H:0.9996 fot_R:0.5615 fot_div:0.3555 mtp:11.493392 mtp_w:0.0027 sidecar_loss:0.000164 graphcg:0.011198 analogy:0.065016 tokengt_graph:1.314651 memory:1.041016 toric:6.401885 vb1d:0.691004 bgg:0.162026 koszul:0.039466 cca:1.325050 derived:3.244401
step:706/1000 train_loss:0.8793 train_bpb:0.5141 train_bpt:1.2685 train_time:1181242ms step_avg:1673.15ms aux_stage:0.9118
step:707/1000 train_loss:0.8922 train_bpb:0.5239 train_bpt:1.2872 train_time:1182652ms step_avg:1672.78ms aux_stage:0.2284 mtp:12.178773 mtp_w:0.0007
step:708/1000 train_loss:0.8800 train_bpb:0.5175 train_bpt:1.2696 train_time:1184102ms step_avg:1672.46ms aux_stage:0.9157
step:709/1000 train_loss:0.8770 train_bpb:0.5129 train_bpt:1.2653 train_time:1187001ms step_avg:1674.19ms aux_stage:0.9177 graph_lm_loss:0.067421 graph_lm_bpb:0.0635 graph_lm_w:0.0734 oai_gfn:2.313445 gfn_H:0.9663 gfn_R:0.1909 oai_fot:4.688028 fot_H:1.0000 fot_R:0.6675 fot_div:0.3203 mtp:11.307482 mtp_w:0.0028 sidecar_loss:0.000173 graphcg:0.011204 analogy:0.065432 tokengt_graph:1.443070 memory:0.751307 toric:6.579693 vb1d:0.702946 bgg:0.158511 koszul:0.039285 cca:1.232561 derived:3.207260
step:710/1000 train_loss:0.8866 train_bpb:0.5152 train_bpt:1.2791 train_time:1188158ms step_avg:1673.46ms aux_stage:0.9196
step:711/1000 train_loss:0.8701 train_bpb:0.5058 train_bpt:1.2553 train_time:1189530ms step_avg:1673.04ms aux_stage:0.9216 mtp:14.272813 mtp_w:0.0028
step:712/1000 train_loss:0.9168 train_bpb:0.5363 train_bpt:1.3226 train_time:1190965ms step_avg:1672.70ms aux_stage:0.2309
step:713/1000 train_loss:0.8868 train_bpb:0.5180 train_bpt:1.2794 train_time:1193559ms step_avg:1674.00ms aux_stage:0.9255 graph_lm_loss:0.239746 graph_lm_bpb:0.1817 graph_lm_w:0.0740 oai_gfn:0.693840 gfn_H:0.9741 gfn_R:0.3455 oai_fot:4.561629 fot_H:0.9995 fot_R:0.8023 fot_div:0.3047 mtp:11.680722 mtp_w:0.0028 sidecar_loss:0.000167 graphcg:0.011488 analogy:0.065345 tokengt_graph:1.475034 memory:1.417637 toric:6.410178 vb1d:0.698935 bgg:0.157650 koszul:0.042587 cca:1.347152 derived:3.262613
step:714/1000 train_loss:0.8862 train_bpb:0.5209 train_bpt:1.2785 train_time:1194757ms step_avg:1673.33ms aux_stage:0.2319
step:715/1000 train_loss:0.8733 train_bpb:0.5094 train_bpt:1.2599 train_time:1196214ms step_avg:1673.03ms aux_stage:0.9294 mtp:10.799905 mtp_w:0.0028
step:716/1000 train_loss:0.8712 train_bpb:0.5078 train_bpt:1.2569 train_time:1197672ms step_avg:1672.73ms aux_stage:0.9314
step:717/1000 train_loss:0.8948 train_bpb:0.5233 train_bpt:1.2909 train_time:1200309ms step_avg:1674.07ms aux_stage:0.2333 graph_lm_loss:0.293900 graph_lm_bpb:0.2461 graph_lm_w:0.0187 oai_gfn:4.586161 gfn_H:0.9683 gfn_R:0.1062 oai_fot:4.731894 fot_H:0.9993 fot_R:0.6300 fot_div:0.3281 mtp:12.170137 mtp_w:0.0007 sidecar_loss:0.000042 graphcg:0.011307 analogy:0.065265 tokengt_graph:1.396428 memory:1.114410 toric:6.354910 vb1d:0.707290 bgg:0.172831 koszul:0.042258 cca:1.314768 derived:3.320354
step:718/1000 train_loss:0.8730 train_bpb:0.5134 train_bpt:1.2595 train_time:1201492ms step_avg:1673.39ms aux_stage:0.9353
step:719/1000 train_loss:0.8645 train_bpb:0.5058 train_bpt:1.2472 train_time:1202925ms step_avg:1673.05ms aux_stage:0.9373 mtp:10.447430 mtp_w:0.0028
step:720/1000 train_loss:0.8965 train_bpb:0.5234 train_bpt:1.2934 train_time:1204368ms step_avg:1672.73ms aux_stage:0.2348
step:721/1000 train_loss:0.9086 train_bpb:0.5301 train_bpt:1.3108 train_time:1206996ms step_avg:1674.06ms aux_stage:0.2353 graph_lm_loss:0.206151 graph_lm_bpb:0.1766 graph_lm_w:0.0188 oai_gfn:1.659709 gfn_H:0.9723 gfn_R:0.2349 oai_fot:4.454060 fot_H:0.9996 fot_R:0.8778 fot_div:0.3047 mtp:12.389946 mtp_w:0.0007 sidecar_loss:0.000041 graphcg:0.011428 analogy:0.065165 tokengt_graph:1.318655 memory:1.353728 toric:6.519928 vb1d:0.743471 bgg:0.176350 koszul:0.042660 cca:1.139279 derived:3.256934
step:722/1000 train_loss:0.8747 train_bpb:0.5103 train_bpt:1.2620 train_time:1208164ms step_avg:1673.36ms aux_stage:0.9432
step:723/1000 train_loss:0.8941 train_bpb:0.5285 train_bpt:1.2899 train_time:1209572ms step_avg:1672.99ms aux_stage:0.2363 mtp:11.956052 mtp_w:0.0007
step:724/1000 train_loss:0.8891 train_bpb:0.5264 train_bpt:1.2827 train_time:1211020ms step_avg:1672.68ms aux_stage:0.2368
step:725/1000 train_loss:0.8888 train_bpb:0.5203 train_bpt:1.2823 train_time:1213634ms step_avg:1673.98ms aux_stage:0.2373 graph_lm_loss:0.285467 graph_lm_bpb:0.2475 graph_lm_w:0.0190 oai_gfn:1.451611 gfn_H:0.9722 gfn_R:0.2511 oai_fot:4.787340 fot_H:1.0000 fot_R:0.6649 fot_div:0.3594 mtp:11.466970 mtp_w:0.0007 sidecar_loss:0.000042 graphcg:0.011424 analogy:0.065338 tokengt_graph:1.357858 memory:0.685937 toric:6.819505 vb1d:0.701518 bgg:0.162157 koszul:0.039351 cca:1.094766 derived:3.358011
step:726/1000 train_loss:0.8736 train_bpb:0.5110 train_bpt:1.2604 train_time:1214831ms step_avg:1673.32ms aux_stage:0.9510
step:727/1000 train_loss:0.8850 train_bpb:0.5236 train_bpt:1.2767 train_time:1216278ms step_avg:1673.01ms aux_stage:0.2382 mtp:11.361259 mtp_w:0.0007
step:728/1000 train_loss:0.8512 train_bpb:0.5002 train_bpt:1.2281 train_time:1217760ms step_avg:1672.75ms aux_stage:0.9549
step:729/1000 train_loss:0.8819 train_bpb:0.5199 train_bpt:1.2723 train_time:1220370ms step_avg:1674.03ms aux_stage:0.2392 graph_lm_loss:0.223282 graph_lm_bpb:0.1995 graph_lm_w:0.0191 oai_gfn:2.257230 gfn_H:0.9684 gfn_R:0.2054 oai_fot:4.940302 fot_H:0.9996 fot_R:0.5607 fot_div:0.3945 mtp:11.983157 mtp_w:0.0007 sidecar_loss:0.000045 graphcg:0.011436 analogy:0.065152 tokengt_graph:1.359409 memory:1.149159 toric:7.192339 vb1d:0.729791 bgg:0.160301 koszul:0.037826 cca:1.397383 derived:3.298826
step:730/1000 train_loss:0.8899 train_bpb:0.5193 train_bpt:1.2838 train_time:1221532ms step_avg:1673.33ms aux_stage:0.2397
step:731/1000 train_loss:0.8972 train_bpb:0.5307 train_bpt:1.2943 train_time:1222935ms step_avg:1672.96ms aux_stage:0.2402 mtp:11.239131 mtp_w:0.0007
step:732/1000 train_loss:0.8687 train_bpb:0.5074 train_bpt:1.2533 train_time:1224407ms step_avg:1672.69ms aux_stage:0.9628
step:733/1000 train_loss:0.8700 train_bpb:0.5149 train_bpt:1.2552 train_time:1227049ms step_avg:1674.01ms aux_stage:0.9647 graph_lm_loss:0.208677 graph_lm_bpb:0.1893 graph_lm_w:0.0772 oai_gfn:0.673358 gfn_H:0.9736 gfn_R:0.3547 oai_fot:4.718955 fot_H:1.0000 fot_R:0.8466 fot_div:0.3828 mtp:12.729166 mtp_w:0.0029 sidecar_loss:0.000173 graphcg:0.011711 analogy:0.065359 tokengt_graph:1.327293 memory:1.079238 toric:6.656897 vb1d:0.709106 bgg:0.162640 koszul:0.036159 cca:1.261114 derived:3.210078
step:734/1000 train_loss:0.8819 train_bpb:0.5203 train_bpt:1.2723 train_time:1228223ms step_avg:1673.33ms aux_stage:0.2417
step:735/1000 train_loss:0.8913 train_bpb:0.5168 train_bpt:1.2859 train_time:1229649ms step_avg:1672.99ms aux_stage:0.9686 mtp:12.498276 mtp_w:0.0029
step:736/1000 train_loss:0.8849 train_bpb:0.5204 train_bpt:1.2767 train_time:1231098ms step_avg:1672.69ms aux_stage:0.2427
step:737/1000 train_loss:0.8948 train_bpb:0.5244 train_bpt:1.2909 train_time:1233710ms step_avg:1673.96ms aux_stage:0.2431 graph_lm_loss:0.028256 graph_lm_bpb:0.0270 graph_lm_w:0.0195 oai_gfn:0.747291 gfn_H:0.9707 gfn_R:0.3416 oai_fot:5.282149 fot_H:1.0000 fot_R:0.4620 fot_div:0.3711 mtp:11.357592 mtp_w:0.0007 sidecar_loss:0.000040 graphcg:0.011296 analogy:0.065100 tokengt_graph:1.267153 memory:1.409552 toric:6.550341 vb1d:0.689563 bgg:0.189863 koszul:0.037251 cca:1.315297 derived:3.308990
step:738/1000 train_loss:0.8795 train_bpb:0.5182 train_bpt:1.2688 train_time:1234911ms step_avg:1673.32ms aux_stage:0.9745
step:739/1000 train_loss:0.8793 train_bpb:0.5191 train_bpt:1.2686 train_time:1236330ms step_avg:1672.98ms aux_stage:0.2441 mtp:11.020456 mtp_w:0.0007
step:740/1000 train_loss:0.8759 train_bpb:0.5192 train_bpt:1.2636 train_time:1237813ms step_avg:1672.72ms aux_stage:0.2446
step:741/1000 train_loss:0.8805 train_bpb:0.5150 train_bpt:1.2702 train_time:1240410ms step_avg:1673.97ms aux_stage:0.9804 graph_lm_loss:0.575960 graph_lm_bpb:0.4495 graph_lm_w:0.0784 oai_gfn:2.422433 gfn_H:0.9648 gfn_R:0.1708 oai_fot:4.907336 fot_H:1.0000 fot_R:0.6658 fot_div:0.3906 mtp:12.942010 mtp_w:0.0029 sidecar_loss:0.000170 graphcg:0.011279 analogy:0.065072 tokengt_graph:1.310042 memory:1.260726 toric:6.408129 vb1d:0.727152 bgg:0.186430 koszul:0.043430 cca:1.138306 derived:3.282302
step:742/1000 train_loss:0.8969 train_bpb:0.5264 train_bpt:1.2939 train_time:1241601ms step_avg:1673.32ms aux_stage:0.2456
step:743/1000 train_loss:0.8875 train_bpb:0.5172 train_bpt:1.2805 train_time:1243025ms step_avg:1672.98ms aux_stage:0.9843 mtp:13.580402 mtp_w:0.0030
step:744/1000 train_loss:0.8979 train_bpb:0.5283 train_bpt:1.2955 train_time:1244468ms step_avg:1672.67ms aux_stage:0.2466
step:745/1000 train_loss:0.8723 train_bpb:0.5114 train_bpt:1.2584 train_time:1247074ms step_avg:1673.92ms aux_stage:0.9882 graph_lm_loss:0.120853 graph_lm_bpb:0.1102 graph_lm_w:0.0791 oai_gfn:2.988589 gfn_H:0.9626 gfn_R:0.1361 oai_fot:5.189516 fot_H:0.9999 fot_R:0.5015 fot_div:0.3711 mtp:10.865761 mtp_w:0.0030 sidecar_loss:0.000171 graphcg:0.011241 analogy:0.065294 tokengt_graph:1.278704 memory:1.484561 toric:6.455772 vb1d:0.702436 bgg:0.179050 koszul:0.041704 cca:1.300489 derived:3.240798
step:746/1000 train_loss:0.8710 train_bpb:0.5121 train_bpt:1.2565 train_time:1248259ms step_avg:1673.27ms aux_stage:0.9902
step:747/1000 train_loss:0.8730 train_bpb:0.5073 train_bpt:1.2595 train_time:1249711ms step_avg:1672.97ms aux_stage:0.9922 mtp:11.475518 mtp_w:0.0030
step:748/1000 train_loss:0.8802 train_bpb:0.5151 train_bpt:1.2698 train_time:1251201ms step_avg:1672.73ms aux_stage:0.9941
step:749/1000 train_loss:0.8887 train_bpb:0.5214 train_bpt:1.2822 train_time:1253846ms step_avg:1674.03ms aux_stage:0.2490 graph_lm_loss:0.498708 graph_lm_bpb:0.4053 graph_lm_w:0.0199 oai_gfn:0.949177 gfn_H:0.9750 gfn_R:0.3337 oai_fot:4.893679 fot_H:0.9996 fot_R:0.5875 fot_div:0.3555 mtp:12.246374 mtp_w:0.0007 sidecar_loss:0.000041 graphcg:0.011133 analogy:0.065297 tokengt_graph:1.255814 memory:1.119142 toric:6.612417 vb1d:0.722559 bgg:0.168400 koszul:0.039434 cca:1.524327 derived:3.135073
step:750/1000 train_loss:0.8630 train_bpb:0.5053 train_bpt:1.2450 train_time:1255028ms step_avg:1673.37ms aux_stage:0.9980
step:751/1000 train_loss:0.8831 train_bpb:0.5195 train_bpt:1.2741 train_time:1256459ms step_avg:1673.05ms aux_stage:0.2500 mtp:11.038373 mtp_w:0.0008
step:752/1000 train_loss:0.8980 train_bpb:0.5242 train_bpt:1.2956 train_time:1257898ms step_avg:1672.74ms aux_stage:0.2500
step:753/1000 train_loss:0.8418 train_bpb:0.4935 train_bpt:1.2145 train_time:1260529ms step_avg:1674.01ms aux_stage:1.0000 graph_lm_loss:0.072283 graph_lm_bpb:0.0668 graph_lm_w:0.0800 oai_gfn:1.061324 gfn_H:0.9718 gfn_R:0.3099 oai_fot:4.801342 fot_H:0.9995 fot_R:0.5992 fot_div:0.3398 mtp:11.450675 mtp_w:0.0030 sidecar_loss:0.000187 graphcg:0.011400 analogy:0.065391 tokengt_graph:1.528841 memory:1.226235 toric:7.091498 vb1d:0.703119 bgg:0.157624 koszul:0.044185 cca:1.475807 derived:3.270382
step:754/1000 train_loss:0.8852 train_bpb:0.5207 train_bpt:1.2771 train_time:1261721ms step_avg:1673.37ms aux_stage:0.2500
step:755/1000 train_loss:0.8676 train_bpb:0.5092 train_bpt:1.2517 train_time:1263178ms step_avg:1673.08ms aux_stage:1.0000 mtp:11.711386 mtp_w:0.0030
step:756/1000 train_loss:0.8732 train_bpb:0.5110 train_bpt:1.2597 train_time:1264659ms step_avg:1672.83ms aux_stage:1.0000
step:757/1000 train_loss:0.8906 train_bpb:0.5281 train_bpt:1.2849 train_time:1267287ms step_avg:1674.09ms aux_stage:0.2500 graph_lm_loss:0.459150 graph_lm_bpb:0.3578 graph_lm_w:0.0200 oai_gfn:0.957888 gfn_H:0.9652 gfn_R:0.3658 oai_fot:4.374643 fot_H:1.0000 fot_R:0.8005 fot_div:0.3125 mtp:11.185410 mtp_w:0.0008 sidecar_loss:0.000044 graphcg:0.011274 analogy:0.065346 tokengt_graph:1.365843 memory:0.804997 toric:6.597345 vb1d:0.692254 bgg:0.163585 koszul:0.042081 cca:1.270741 derived:3.312626
step:758/1000 train_loss:0.8757 train_bpb:0.5112 train_bpt:1.2634 train_time:1268487ms step_avg:1673.47ms aux_stage:1.0000
step:759/1000 train_loss:0.8892 train_bpb:0.5195 train_bpt:1.2828 train_time:1269935ms step_avg:1673.17ms aux_stage:0.2500 mtp:11.972512 mtp_w:0.0008
step:760/1000 train_loss:0.8636 train_bpb:0.5056 train_bpt:1.2459 train_time:1271441ms step_avg:1672.95ms aux_stage:1.0000
step:761/1000 train_loss:0.8582 train_bpb:0.5087 train_bpt:1.2381 train_time:1274359ms step_avg:1674.59ms aux_stage:1.0000 graph_lm_loss:0.229753 graph_lm_bpb:0.2051 graph_lm_w:0.0800 oai_gfn:1.398931 gfn_H:0.9657 gfn_R:0.2507 oai_fot:4.691136 fot_H:0.9998 fot_R:0.5497 fot_div:0.3555 mtp:12.029228 mtp_w:0.0030 sidecar_loss:0.000156 graphcg:0.011284 analogy:0.065069 tokengt_graph:1.217884 memory:1.473187 toric:6.370535 vb1d:0.704307 bgg:0.168904 koszul:0.043408 cca:1.222273 derived:3.256030
step:762/1000 train_loss:0.8711 train_bpb:0.5080 train_bpt:1.2567 train_time:1275528ms step_avg:1673.92ms aux_stage:1.0000
step:763/1000 train_loss:0.8696 train_bpb:0.5114 train_bpt:1.2546 train_time:1276985ms step_avg:1673.64ms aux_stage:1.0000 mtp:11.676789 mtp_w:0.0030
step:764/1000 train_loss:0.8806 train_bpb:0.5202 train_bpt:1.2704 train_time:1278424ms step_avg:1673.33ms aux_stage:0.2500
step:765/1000 train_loss:0.8821 train_bpb:0.5139 train_bpt:1.2726 train_time:1281037ms step_avg:1674.56ms aux_stage:1.0000 graph_lm_loss:0.568228 graph_lm_bpb:0.5066 graph_lm_w:0.0800 oai_gfn:2.017239 gfn_H:0.9689 gfn_R:0.2078 oai_fot:4.657531 fot_H:0.9997 fot_R:0.6891 fot_div:0.3281 mtp:12.931189 mtp_w:0.0030 sidecar_loss:0.000164 graphcg:0.011050 analogy:0.065221 tokengt_graph:1.287483 memory:0.986690 toric:6.377672 vb1d:0.729350 bgg:0.166792 koszul:0.036745 cca:1.357633 derived:3.210754
step:766/1000 train_loss:0.8817 train_bpb:0.5129 train_bpt:1.2720 train_time:1282228ms step_avg:1673.93ms aux_stage:1.0000
step:767/1000 train_loss:0.8582 train_bpb:0.4995 train_bpt:1.2381 train_time:1283655ms step_avg:1673.60ms aux_stage:1.0000 mtp:11.305750 mtp_w:0.0030
step:768/1000 train_loss:0.8658 train_bpb:0.5036 train_bpt:1.2491 train_time:1285122ms step_avg:1673.34ms aux_stage:1.0000
step:769/1000 train_loss:0.8928 train_bpb:0.5232 train_bpt:1.2880 train_time:1287767ms step_avg:1674.60ms aux_stage:0.2500 graph_lm_loss:0.090582 graph_lm_bpb:0.0843 graph_lm_w:0.0200 oai_gfn:1.837639 gfn_H:0.9658 gfn_R:0.1893 oai_fot:4.601818 fot_H:0.9993 fot_R:0.7675 fot_div:0.3594 mtp:10.928727 mtp_w:0.0008 sidecar_loss:0.000043 graphcg:0.011681 analogy:0.065206 tokengt_graph:1.406985 memory:1.903457 toric:6.203505 vb1d:0.732970 bgg:0.157946 koszul:0.044209 cca:1.331953 derived:3.295183
step:770/1000 train_loss:0.9031 train_bpb:0.5293 train_bpt:1.3028 train_time:1288951ms step_avg:1673.96ms aux_stage:0.2500
step:771/1000 train_loss:0.8717 train_bpb:0.5105 train_bpt:1.2575 train_time:1290395ms step_avg:1673.66ms aux_stage:1.0000 mtp:11.992006 mtp_w:0.0030
step:772/1000 train_loss:0.8670 train_bpb:0.5093 train_bpt:1.2508 train_time:1291888ms step_avg:1673.43ms aux_stage:1.0000
step:773/1000 train_loss:0.8699 train_bpb:0.5127 train_bpt:1.2550 train_time:1294498ms step_avg:1674.64ms aux_stage:1.0000 graph_lm_loss:0.100030 graph_lm_bpb:0.0940 graph_lm_w:0.0800 oai_gfn:1.565094 gfn_H:0.9697 gfn_R:0.2557 oai_fot:4.710761 fot_H:0.9994 fot_R:0.6394 fot_div:0.3008 mtp:9.860616 mtp_w:0.0030 sidecar_loss:0.000171 graphcg:0.011338 analogy:0.065167 tokengt_graph:1.307511 memory:1.185586 toric:6.247772 vb1d:0.708823 bgg:0.168216 koszul:0.039942 cca:1.176762 derived:3.321275
step:774/1000 train_loss:0.8759 train_bpb:0.5157 train_bpt:1.2637 train_time:1295679ms step_avg:1674.00ms aux_stage:0.2500
step:775/1000 train_loss:0.8655 train_bpb:0.5064 train_bpt:1.2486 train_time:1297142ms step_avg:1673.73ms aux_stage:1.0000 mtp:11.575925 mtp_w:0.0030
step:776/1000 train_loss:0.8548 train_bpb:0.5044 train_bpt:1.2332 train_time:1298614ms step_avg:1673.47ms aux_stage:1.0000
step:777/1000 train_loss:0.8767 train_bpb:0.5141 train_bpt:1.2648 train_time:1301267ms step_avg:1674.73ms aux_stage:0.2500 graph_lm_loss:0.271314 graph_lm_bpb:0.2428 graph_lm_w:0.0200 oai_gfn:2.044241 gfn_H:0.9665 gfn_R:0.1703 oai_fot:4.745612 fot_H:0.9998 fot_R:0.6024 fot_div:0.3125 mtp:11.463702 mtp_w:0.0008 sidecar_loss:0.000043 graphcg:0.011275 analogy:0.064928 tokengt_graph:1.235753 memory:1.142541 toric:6.162362 vb1d:0.741148 bgg:0.168960 koszul:0.043500 cca:1.199903 derived:3.221026
step:778/1000 train_loss:0.9206 train_bpb:0.5472 train_bpt:1.3282 train_time:1302429ms step_avg:1674.07ms aux_stage:0.2500
step:779/1000 train_loss:0.8628 train_bpb:0.5099 train_bpt:1.2448 train_time:1303852ms step_avg:1673.75ms aux_stage:1.0000 mtp:10.900621 mtp_w:0.0030
step:780/1000 train_loss:0.8725 train_bpb:0.5098 train_bpt:1.2587 train_time:1305311ms step_avg:1673.48ms aux_stage:1.0000
step:781/1000 train_loss:0.8701 train_bpb:0.5103 train_bpt:1.2553 train_time:1307922ms step_avg:1674.68ms aux_stage:1.0000 graph_lm_loss:0.016983 graph_lm_bpb:0.0162 graph_lm_w:0.0800 oai_gfn:0.724828 gfn_H:0.9656 gfn_R:0.3496 oai_fot:4.531817 fot_H:0.9994 fot_R:0.7900 fot_div:0.3516 mtp:12.009955 mtp_w:0.0030 sidecar_loss:0.000156 graphcg:0.011099 analogy:0.065245 tokengt_graph:1.216833 memory:1.257661 toric:6.347487 vb1d:0.719266 bgg:0.170842 koszul:0.039546 cca:1.218769 derived:3.360329
step:782/1000 train_loss:0.8724 train_bpb:0.5121 train_bpt:1.2586 train_time:1309125ms step_avg:1674.07ms aux_stage:1.0000
step:783/1000 train_loss:0.8652 train_bpb:0.5096 train_bpt:1.2482 train_time:1310536ms step_avg:1673.74ms aux_stage:1.0000 mtp:11.023330 mtp_w:0.0030
step:784/1000 train_loss:0.8911 train_bpb:0.5279 train_bpt:1.2855 train_time:1312003ms step_avg:1673.47ms aux_stage:0.2500
step:785/1000 train_loss:0.8515 train_bpb:0.5025 train_bpt:1.2285 train_time:1314626ms step_avg:1674.68ms aux_stage:1.0000 graph_lm_loss:0.336943 graph_lm_bpb:0.2633 graph_lm_w:0.0800 oai_gfn:1.049265 gfn_H:0.9668 gfn_R:0.2982 oai_fot:4.907040 fot_H:0.9998 fot_R:0.7117 fot_div:0.3477 mtp:11.771788 mtp_w:0.0030 sidecar_loss:0.000177 graphcg:0.011155 analogy:0.065089 tokengt_graph:1.344411 memory:0.780899 toric:6.163703 vb1d:0.687702 bgg:0.172320 koszul:0.039684 cca:1.236632 derived:3.371671
step:786/1000 train_loss:0.9114 train_bpb:0.5264 train_bpt:1.3148 train_time:1315800ms step_avg:1674.05ms aux_stage:0.2500
step:787/1000 train_loss:0.8568 train_bpb:0.5028 train_bpt:1.2361 train_time:1317244ms step_avg:1673.75ms aux_stage:1.0000 mtp:11.724931 mtp_w:0.0030
step:788/1000 train_loss:0.8827 train_bpb:0.5154 train_bpt:1.2734 train_time:1318697ms step_avg:1673.47ms aux_stage:0.2500
step:789/1000 train_loss:0.8523 train_bpb:0.5009 train_bpt:1.2297 train_time:1321329ms step_avg:1674.69ms aux_stage:1.0000 graph_lm_loss:0.176307 graph_lm_bpb:0.1527 graph_lm_w:0.0800 oai_gfn:2.614213 gfn_H:0.9638 gfn_R:0.1621 oai_fot:5.132556 fot_H:0.9996 fot_R:0.6225 fot_div:0.3359 mtp:11.506741 mtp_w:0.0030 sidecar_loss:0.000189 graphcg:0.011391 analogy:0.065238 tokengt_graph:1.494517 memory:0.838346 toric:7.051360 vb1d:0.698283 bgg:0.161852 koszul:0.040805 cca:1.357978 derived:3.161976
step:790/1000 train_loss:0.8995 train_bpb:0.5334 train_bpt:1.2978 train_time:1322537ms step_avg:1674.10ms aux_stage:0.2500
step:791/1000 train_loss:0.8612 train_bpb:0.5040 train_bpt:1.2424 train_time:1323976ms step_avg:1673.80ms aux_stage:1.0000 mtp:12.206013 mtp_w:0.0030
step:792/1000 train_loss:0.8826 train_bpb:0.5120 train_bpt:1.2733 train_time:1325489ms step_avg:1673.60ms aux_stage:1.0000
step:793/1000 train_loss:0.8803 train_bpb:0.5161 train_bpt:1.2701 train_time:1328112ms step_avg:1674.79ms aux_stage:0.2500 graph_lm_loss:0.141448 graph_lm_bpb:0.1323 graph_lm_w:0.0200 oai_gfn:3.138115 gfn_H:0.9665 gfn_R:0.1520 oai_fot:4.862781 fot_H:0.9999 fot_R:0.6544 fot_div:0.3086 mtp:12.087382 mtp_w:0.0008 sidecar_loss:0.000046 graphcg:0.011887 analogy:0.064923 tokengt_graph:1.448256 memory:1.097612 toric:6.396955 vb1d:0.710065 bgg:0.162516 koszul:0.042308 cca:1.215671 derived:3.408433
step:794/1000 train_loss:0.8804 train_bpb:0.5109 train_bpt:1.2701 train_time:1329328ms step_avg:1674.22ms aux_stage:1.0000
step:795/1000 train_loss:0.8671 train_bpb:0.5045 train_bpt:1.2509 train_time:1330779ms step_avg:1673.94ms aux_stage:1.0000 mtp:12.603385 mtp_w:0.0030
step:796/1000 train_loss:0.8448 train_bpb:0.4927 train_bpt:1.2188 train_time:1332259ms step_avg:1673.69ms aux_stage:1.0000
step:797/1000 train_loss:0.8489 train_bpb:0.4964 train_bpt:1.2248 train_time:1334905ms step_avg:1674.91ms aux_stage:1.0000 graph_lm_loss:0.253961 graph_lm_bpb:0.2648 graph_lm_w:0.0800 oai_gfn:1.791778 gfn_H:0.9628 gfn_R:0.2305 oai_fot:5.334457 fot_H:0.9999 fot_R:0.5728 fot_div:0.3320 mtp:11.369920 mtp_w:0.0030 sidecar_loss:0.000194 graphcg:0.011592 analogy:0.065251 tokengt_graph:1.386234 memory:1.913435 toric:6.643689 vb1d:0.673436 bgg:0.163309 koszul:0.036694 cca:1.238371 derived:3.257259
step:798/1000 train_loss:0.8659 train_bpb:0.5060 train_bpt:1.2492 train_time:1336100ms step_avg:1674.31ms aux_stage:1.0000
step:799/1000 train_loss:0.8747 train_bpb:0.5107 train_bpt:1.2620 train_time:1337527ms step_avg:1674.00ms aux_stage:0.2500 mtp:11.158141 mtp_w:0.0008
step:800/1000 train_loss:0.8697 train_bpb:0.5089 train_bpt:1.2547 train_time:1339008ms step_avg:1673.76ms aux_stage:1.0000
step:801/1000 train_loss:0.8615 train_bpb:0.5022 train_bpt:1.2428 train_time:1341652ms step_avg:1674.97ms aux_stage:1.0000 graph_lm_loss:0.175064 graph_lm_bpb:0.1551 graph_lm_w:0.0800 oai_gfn:5.366683 gfn_H:0.9631 gfn_R:0.0787 oai_fot:5.584057 fot_H:0.9999 fot_R:0.4096 fot_div:0.2891 mtp:11.603724 mtp_w:0.0030 sidecar_loss:0.000165 graphcg:0.011329 analogy:0.065003 tokengt_graph:1.245842 memory:1.273228 toric:6.030704 vb1d:0.693965 bgg:0.176854 koszul:0.041400 cca:1.078744 derived:3.273905
step:802/1000 train_loss:0.8625 train_bpb:0.5041 train_bpt:1.2443 train_time:1342858ms step_avg:1674.39ms aux_stage:1.0000
step:803/1000 train_loss:0.8866 train_bpb:0.5190 train_bpt:1.2791 train_time:1344299ms step_avg:1674.10ms aux_stage:0.2500 mtp:10.959657 mtp_w:0.0008
step:804/1000 train_loss:0.8603 train_bpb:0.5009 train_bpt:1.2412 train_time:1345748ms step_avg:1673.82ms aux_stage:1.0000
step:805/1000 train_loss:0.8589 train_bpb:0.4925 train_bpt:1.2391 train_time:1348371ms step_avg:1674.99ms aux_stage:1.0000 graph_lm_loss:0.019167 graph_lm_bpb:0.0185 graph_lm_w:0.0800 oai_gfn:0.398656 gfn_H:0.9710 gfn_R:0.3980 oai_fot:4.329881 fot_H:1.0000 fot_R:0.7949 fot_div:0.3125 mtp:12.012979 mtp_w:0.0030 sidecar_loss:0.000149 graphcg:0.011230 analogy:0.065038 tokengt_graph:1.179906 memory:1.435713 toric:6.409248 vb1d:0.735695 bgg:0.164846 koszul:0.038235 cca:1.274874 derived:3.097887
step:806/1000 train_loss:0.8628 train_bpb:0.5101 train_bpt:1.2448 train_time:1349561ms step_avg:1674.39ms aux_stage:0.2500
step:807/1000 train_loss:0.8429 train_bpb:0.4943 train_bpt:1.2160 train_time:1351008ms step_avg:1674.11ms aux_stage:1.0000 mtp:12.582420 mtp_w:0.0030
step:808/1000 train_loss:0.8591 train_bpb:0.4987 train_bpt:1.2394 train_time:1352489ms step_avg:1673.87ms aux_stage:1.0000
step:809/1000 train_loss:0.8567 train_bpb:0.5078 train_bpt:1.2360 train_time:1355122ms step_avg:1675.06ms aux_stage:0.2500 graph_lm_loss:0.223599 graph_lm_bpb:0.1891 graph_lm_w:0.0200 oai_gfn:1.807874 gfn_H:0.9690 gfn_R:0.2303 oai_fot:4.581369 fot_H:0.9999 fot_R:0.8784 fot_div:0.2812 mtp:11.347119 mtp_w:0.0008 sidecar_loss:0.000039 graphcg:0.011316 analogy:0.065038 tokengt_graph:1.194128 memory:1.523319 toric:6.009124 vb1d:0.717039 bgg:0.165711 koszul:0.039532 cca:1.208270 derived:3.161764
step:810/1000 train_loss:0.8777 train_bpb:0.5129 train_bpt:1.2663 train_time:1356308ms step_avg:1674.45ms aux_stage:0.2500
step:811/1000 train_loss:0.8956 train_bpb:0.5259 train_bpt:1.2920 train_time:1357754ms step_avg:1674.17ms aux_stage:0.2500 mtp:11.872056 mtp_w:0.0008
step:812/1000 train_loss:0.8630 train_bpb:0.5058 train_bpt:1.2450 train_time:1359191ms step_avg:1673.88ms aux_stage:1.0000
step:813/1000 train_loss:0.8681 train_bpb:0.5029 train_bpt:1.2525 train_time:1362112ms step_avg:1675.42ms aux_stage:1.0000 graph_lm_loss:0.232156 graph_lm_bpb:0.1888 graph_lm_w:0.0800 oai_gfn:2.590102 gfn_H:0.9643 gfn_R:0.1796 oai_fot:4.619407 fot_H:0.9997 fot_R:0.6373 fot_div:0.3281 mtp:11.656829 mtp_w:0.0030 sidecar_loss:0.000162 graphcg:0.011265 analogy:0.064981 tokengt_graph:1.249908 memory:1.106012 toric:6.233174 vb1d:0.712978 bgg:0.161983 koszul:0.045799 cca:1.186379 derived:3.209209
step:814/1000 train_loss:0.8767 train_bpb:0.5129 train_bpt:1.2648 train_time:1363282ms step_avg:1674.79ms aux_stage:0.2500
step:815/1000 train_loss:0.8581 train_bpb:0.4971 train_bpt:1.2379 train_time:1364716ms step_avg:1674.50ms aux_stage:1.0000 mtp:12.553641 mtp_w:0.0030
step:816/1000 train_loss:0.8592 train_bpb:0.5034 train_bpt:1.2396 train_time:1366186ms step_avg:1674.25ms aux_stage:1.0000
step:817/1000 train_loss:0.8519 train_bpb:0.4964 train_bpt:1.2291 train_time:1368791ms step_avg:1675.39ms aux_stage:1.0000 graph_lm_loss:0.344185 graph_lm_bpb:0.2928 graph_lm_w:0.0800 oai_gfn:2.506165 gfn_H:0.9676 gfn_R:0.1987 oai_fot:4.483875 fot_H:1.0000 fot_R:0.7476 fot_div:0.3359 mtp:12.697693 mtp_w:0.0030 sidecar_loss:0.000170 graphcg:0.011544 analogy:0.065088 tokengt_graph:1.389681 memory:1.257773 toric:6.589744 vb1d:0.715360 bgg:0.158258 koszul:0.043379 cca:1.289882 derived:3.134133
step:818/1000 train_loss:0.8473 train_bpb:0.5008 train_bpt:1.2224 train_time:1370007ms step_avg:1674.82ms aux_stage:1.0000
step:819/1000 train_loss:0.8741 train_bpb:0.5045 train_bpt:1.2611 train_time:1371459ms step_avg:1674.55ms aux_stage:1.0000 mtp:11.499049 mtp_w:0.0030
step:820/1000 train_loss:0.8825 train_bpb:0.5224 train_bpt:1.2731 train_time:1372940ms step_avg:1674.32ms aux_stage:0.2500
step:821/1000 train_loss:0.8342 train_bpb:0.4887 train_bpt:1.2036 train_time:1375608ms step_avg:1675.53ms aux_stage:1.0000 graph_lm_loss:0.047544 graph_lm_bpb:0.0445 graph_lm_w:0.0800 oai_gfn:0.170355 gfn_H:0.9545 gfn_R:0.4225 oai_fot:4.759554 fot_H:0.9999 fot_R:0.6444 fot_div:0.3281 mtp:11.553342 mtp_w:0.0030 sidecar_loss:0.000162 graphcg:0.011398 analogy:0.064942 tokengt_graph:1.245818 memory:0.613131 toric:6.347956 vb1d:0.724302 bgg:0.157667 koszul:0.039886 cca:1.352705 derived:3.291522
step:822/1000 train_loss:0.8585 train_bpb:0.5004 train_bpt:1.2386 train_time:1376801ms step_avg:1674.94ms aux_stage:1.0000
step:823/1000 train_loss:0.8721 train_bpb:0.5086 train_bpt:1.2582 train_time:1378249ms step_avg:1674.66ms aux_stage:0.2500 mtp:11.700901 mtp_w:0.0008
step:824/1000 train_loss:0.8784 train_bpb:0.5171 train_bpt:1.2672 train_time:1379761ms step_avg:1674.47ms aux_stage:0.2500
step:825/1000 train_loss:0.8471 train_bpb:0.4915 train_bpt:1.2221 train_time:1382372ms step_avg:1675.60ms aux_stage:1.0000 graph_lm_loss:0.018990 graph_lm_bpb:0.0183 graph_lm_w:0.0800 oai_gfn:0.456525 gfn_H:0.9650 gfn_R:0.4292 oai_fot:4.407344 fot_H:1.0000 fot_R:0.9867 fot_div:0.2734 mtp:12.126377 mtp_w:0.0030 sidecar_loss:0.000159 graphcg:0.011347 analogy:0.064844 tokengt_graph:1.183260 memory:1.127587 toric:5.958760 vb1d:0.691088 bgg:0.165504 koszul:0.039012 cca:1.157727 derived:3.221821
step:826/1000 train_loss:0.8656 train_bpb:0.5126 train_bpt:1.2488 train_time:1383586ms step_avg:1675.04ms aux_stage:0.2500
step:827/1000 train_loss:0.8300 train_bpb:0.4840 train_bpt:1.1975 train_time:1385055ms step_avg:1674.79ms aux_stage:1.0000 mtp:11.287230 mtp_w:0.0030
step:828/1000 train_loss:0.8617 train_bpb:0.5055 train_bpt:1.2431 train_time:1386525ms step_avg:1674.55ms aux_stage:0.2500
step:829/1000 train_loss:0.8759 train_bpb:0.5088 train_bpt:1.2636 train_time:1389177ms step_avg:1675.73ms aux_stage:0.2500 graph_lm_loss:0.302388 graph_lm_bpb:0.2693 graph_lm_w:0.0200 oai_gfn:0.990376 gfn_H:0.9621 gfn_R:0.3011 oai_fot:4.564474 fot_H:1.0000 fot_R:0.7112 fot_div:0.3047 mtp:11.764353 mtp_w:0.0008 sidecar_loss:0.000040 graphcg:0.011048 analogy:0.065167 tokengt_graph:1.221938 memory:0.888839 toric:6.242241 vb1d:0.736568 bgg:0.162809 koszul:0.038512 cca:1.153144 derived:3.284466
step:830/1000 train_loss:0.8310 train_bpb:0.4843 train_bpt:1.1989 train_time:1390366ms step_avg:1675.14ms aux_stage:1.0000
step:831/1000 train_loss:0.8632 train_bpb:0.5103 train_bpt:1.2453 train_time:1391798ms step_avg:1674.85ms aux_stage:0.2500 mtp:10.747020 mtp_w:0.0008
step:832/1000 train_loss:0.8417 train_bpb:0.4956 train_bpt:1.2143 train_time:1393248ms step_avg:1674.58ms aux_stage:1.0000
step:833/1000 train_loss:0.8398 train_bpb:0.4941 train_bpt:1.2115 train_time:1395872ms step_avg:1675.72ms aux_stage:1.0000 graph_lm_loss:0.023611 graph_lm_bpb:0.0225 graph_lm_w:0.0800 oai_gfn:2.753056 gfn_H:0.9635 gfn_R:0.1704 oai_fot:4.718257 fot_H:1.0000 fot_R:0.7362 fot_div:0.3477 mtp:11.470065 mtp_w:0.0030 sidecar_loss:0.000166 graphcg:0.011595 analogy:0.065034 tokengt_graph:1.233250 memory:0.989127 toric:6.092183 vb1d:0.655226 bgg:0.154937 koszul:0.040772 cca:1.355805 derived:3.225073
step:834/1000 train_loss:0.8403 train_bpb:0.4870 train_bpt:1.2123 train_time:1397071ms step_avg:1675.15ms aux_stage:1.0000
step:835/1000 train_loss:0.8553 train_bpb:0.4998 train_bpt:1.2339 train_time:1398538ms step_avg:1674.90ms aux_stage:1.0000 mtp:11.005300 mtp_w:0.0030
step:836/1000 train_loss:0.8916 train_bpb:0.5251 train_bpt:1.2863 train_time:1400025ms step_avg:1674.67ms aux_stage:0.2500
step:837/1000 train_loss:0.8647 train_bpb:0.5042 train_bpt:1.2475 train_time:1402653ms step_avg:1675.81ms aux_stage:0.2500 graph_lm_loss:0.329467 graph_lm_bpb:0.2799 graph_lm_w:0.0200 oai_gfn:1.928831 gfn_H:0.9613 gfn_R:0.2025 oai_fot:4.515458 fot_H:0.9999 fot_R:0.5362 fot_div:0.3398 mtp:10.609848 mtp_w:0.0008 sidecar_loss:0.000039 graphcg:0.011321 analogy:0.064936 tokengt_graph:1.131637 memory:1.460765 toric:5.916512 vb1d:0.729189 bgg:0.161457 koszul:0.044011 cca:1.127562 derived:3.209002
step:838/1000 train_loss:0.8459 train_bpb:0.4937 train_bpt:1.2203 train_time:1403868ms step_avg:1675.26ms aux_stage:1.0000
step:839/1000 train_loss:0.8686 train_bpb:0.5083 train_bpt:1.2532 train_time:1405306ms step_avg:1674.98ms aux_stage:0.2500 mtp:10.972700 mtp_w:0.0008
step:840/1000 train_loss:0.8556 train_bpb:0.5075 train_bpt:1.2344 train_time:1406804ms step_avg:1674.77ms aux_stage:0.2500
step:841/1000 train_loss:0.8673 train_bpb:0.5136 train_bpt:1.2512 train_time:1409422ms step_avg:1675.89ms aux_stage:0.2500 graph_lm_loss:0.139660 graph_lm_bpb:0.1287 graph_lm_w:0.0200 oai_gfn:2.773671 gfn_H:0.9621 gfn_R:0.1534 oai_fot:4.944769 fot_H:0.9997 fot_R:0.5371 fot_div:0.3242 mtp:11.216497 mtp_w:0.0008 sidecar_loss:0.000042 graphcg:0.011463 analogy:0.065455 tokengt_graph:1.329975 memory:0.780244 toric:6.509480 vb1d:0.693986 bgg:0.154315 koszul:0.042656 cca:1.349887 derived:3.211582
step:842/1000 train_loss:0.8686 train_bpb:0.5074 train_bpt:1.2531 train_time:1410614ms step_avg:1675.31ms aux_stage:0.2500
step:843/1000 train_loss:0.8629 train_bpb:0.5042 train_bpt:1.2449 train_time:1412063ms step_avg:1675.05ms aux_stage:1.0000 mtp:10.113812 mtp_w:0.0030
step:844/1000 train_loss:0.8508 train_bpb:0.5009 train_bpt:1.2275 train_time:1413558ms step_avg:1674.83ms aux_stage:1.0000
step:845/1000 train_loss:0.8419 train_bpb:0.4899 train_bpt:1.2146 train_time:1416183ms step_avg:1675.96ms aux_stage:1.0000 graph_lm_loss:0.020843 graph_lm_bpb:0.0200 graph_lm_w:0.0800 oai_gfn:1.333915 gfn_H:0.9635 gfn_R:0.2648 oai_fot:4.847738 fot_H:0.9992 fot_R:0.6035 fot_div:0.3359 mtp:11.597281 mtp_w:0.0030 sidecar_loss:0.000159 graphcg:0.011345 analogy:0.065182 tokengt_graph:1.193156 memory:0.822020 toric:5.996767 vb1d:0.727269 bgg:0.154049 koszul:0.042062 cca:1.186853 derived:3.168509
step:846/1000 train_loss:0.8714 train_bpb:0.5082 train_bpt:1.2571 train_time:1417383ms step_avg:1675.39ms aux_stage:0.2500
step:847/1000 train_loss:0.8494 train_bpb:0.4971 train_bpt:1.2254 train_time:1418858ms step_avg:1675.16ms aux_stage:1.0000 mtp:12.100822 mtp_w:0.0030
step:848/1000 train_loss:0.8613 train_bpb:0.5082 train_bpt:1.2427 train_time:1420333ms step_avg:1674.92ms aux_stage:0.2500
step:849/1000 train_loss:0.8298 train_bpb:0.4863 train_bpt:1.1971 train_time:1422969ms step_avg:1676.05ms aux_stage:1.0000 graph_lm_loss:0.200743 graph_lm_bpb:0.1701 graph_lm_w:0.0800 oai_gfn:0.846422 gfn_H:0.9673 gfn_R:0.3424 oai_fot:4.640070 fot_H:0.9999 fot_R:0.6830 fot_div:0.3320 mtp:11.670305 mtp_w:0.0030 sidecar_loss:0.000155 graphcg:0.011251 analogy:0.064830 tokengt_graph:1.116176 memory:1.324653 toric:6.092292 vb1d:0.742332 bgg:0.161833 koszul:0.040577 cca:1.097370 derived:3.179731
step:850/1000 train_loss:0.8690 train_bpb:0.5067 train_bpt:1.2538 train_time:1424169ms step_avg:1675.49ms aux_stage:0.2500
step:851/1000 train_loss:0.8621 train_bpb:0.5031 train_bpt:1.2438 train_time:1425601ms step_avg:1675.21ms aux_stage:0.2500 mtp:11.289380 mtp_w:0.0008
step:852/1000 train_loss:0.8508 train_bpb:0.5019 train_bpt:1.2274 train_time:1427085ms step_avg:1674.98ms aux_stage:1.0000
step:853/1000 train_loss:0.8496 train_bpb:0.5010 train_bpt:1.2257 train_time:1429706ms step_avg:1676.09ms aux_stage:1.0000 graph_lm_loss:0.175756 graph_lm_bpb:0.1476 graph_lm_w:0.0800 oai_gfn:0.764100 gfn_H:0.9610 gfn_R:0.3504 oai_fot:5.063127 fot_H:0.9996 fot_R:0.5428 fot_div:0.3633 mtp:11.020955 mtp_w:0.0030 sidecar_loss:0.000182 graphcg:0.011331 analogy:0.065383 tokengt_graph:1.450790 memory:1.084638 toric:6.513257 vb1d:0.734000 bgg:0.157984 koszul:0.042255 cca:1.409949 derived:3.157383
step:854/1000 train_loss:0.8621 train_bpb:0.5088 train_bpt:1.2437 train_time:1430921ms step_avg:1675.55ms aux_stage:0.2500
step:855/1000 train_loss:0.8527 train_bpb:0.5023 train_bpt:1.2301 train_time:1432357ms step_avg:1675.27ms aux_stage:1.0000 mtp:11.589204 mtp_w:0.0030
step:856/1000 train_loss:0.8739 train_bpb:0.5074 train_bpt:1.2608 train_time:1433848ms step_avg:1675.06ms aux_stage:0.2500
step:857/1000 train_loss:0.8341 train_bpb:0.4900 train_bpt:1.2033 train_time:1436476ms step_avg:1676.17ms aux_stage:1.0000 graph_lm_loss:0.302908 graph_lm_bpb:0.2653 graph_lm_w:0.0800 oai_gfn:0.636853 gfn_H:0.9731 gfn_R:0.3751 oai_fot:4.769609 fot_H:0.9995 fot_R:1.0082 fot_div:0.3086 mtp:12.976532 mtp_w:0.0030 sidecar_loss:0.000182 graphcg:0.011402 analogy:0.065527 tokengt_graph:1.455289 memory:1.045470 toric:6.253036 vb1d:0.728254 bgg:0.165175 koszul:0.043231 cca:1.368490 derived:3.152592
step:858/1000 train_loss:0.8430 train_bpb:0.4970 train_bpt:1.2162 train_time:1437683ms step_avg:1675.62ms aux_stage:1.0000
step:859/1000 train_loss:0.8598 train_bpb:0.5062 train_bpt:1.2405 train_time:1439139ms step_avg:1675.37ms aux_stage:0.2500 mtp:12.305159 mtp_w:0.0008
step:860/1000 train_loss:0.8472 train_bpb:0.4921 train_bpt:1.2223 train_time:1440593ms step_avg:1675.11ms aux_stage:1.0000
step:861/1000 train_loss:0.8567 train_bpb:0.5110 train_bpt:1.2360 train_time:1443478ms step_avg:1676.51ms aux_stage:0.2500 graph_lm_loss:0.067978 graph_lm_bpb:0.0629 graph_lm_w:0.0200 oai_gfn:3.157390 gfn_H:0.9628 gfn_R:0.1462 oai_fot:4.688827 fot_H:0.9999 fot_R:0.6875 fot_div:0.2969 mtp:11.311679 mtp_w:0.0008 sidecar_loss:0.000041 graphcg:0.011452 analogy:0.064765 tokengt_graph:1.236988 memory:1.254418 toric:5.970775 vb1d:0.706286 bgg:0.163964 koszul:0.037980 cca:1.289159 derived:3.281431
step:862/1000 train_loss:0.8790 train_bpb:0.5188 train_bpt:1.2682 train_time:1444631ms step_avg:1675.91ms aux_stage:0.2500
step:863/1000 train_loss:0.8943 train_bpb:0.5293 train_bpt:1.2903 train_time:1446034ms step_avg:1675.59ms aux_stage:0.2500 mtp:11.551855 mtp_w:0.0008
step:864/1000 train_loss:0.8524 train_bpb:0.4984 train_bpt:1.2298 train_time:1447494ms step_avg:1675.34ms aux_stage:1.0000
step:865/1000 train_loss:0.8714 train_bpb:0.5151 train_bpt:1.2571 train_time:1450099ms step_avg:1676.41ms aux_stage:0.2500 graph_lm_loss:0.102759 graph_lm_bpb:0.0946 graph_lm_w:0.0200 oai_gfn:5.993038 gfn_H:0.9613 gfn_R:0.0747 oai_fot:5.259712 fot_H:0.9999 fot_R:0.5142 fot_div:0.2891 mtp:11.423923 mtp_w:0.0008 sidecar_loss:0.000038 graphcg:0.011408 analogy:0.064568 tokengt_graph:1.122397 memory:1.443337 toric:5.965723 vb1d:0.697148 bgg:0.161705 koszul:0.038248 cca:1.121067 derived:3.190167
step:866/1000 train_loss:0.8654 train_bpb:0.5055 train_bpt:1.2486 train_time:1451283ms step_avg:1675.85ms aux_stage:1.0000
step:867/1000 train_loss:0.8554 train_bpb:0.5039 train_bpt:1.2340 train_time:1452705ms step_avg:1675.55ms aux_stage:1.0000 mtp:11.621235 mtp_w:0.0030
step:868/1000 train_loss:0.8452 train_bpb:0.4901 train_bpt:1.2194 train_time:1454164ms step_avg:1675.30ms aux_stage:1.0000
step:869/1000 train_loss:0.8430 train_bpb:0.4964 train_bpt:1.2162 train_time:1456764ms step_avg:1676.37ms aux_stage:1.0000 graph_lm_loss:0.206250 graph_lm_bpb:0.1802 graph_lm_w:0.0800 oai_gfn:1.240427 gfn_H:0.9599 gfn_R:0.2822 oai_fot:4.922776 fot_H:0.9999 fot_R:0.7126 fot_div:0.2891 mtp:10.186683 mtp_w:0.0030 sidecar_loss:0.000146 graphcg:0.011163 analogy:0.064870 tokengt_graph:1.130999 memory:1.413029 toric:6.074034 vb1d:0.715810 bgg:0.166549 koszul:0.043679 cca:1.037115 derived:3.205110
step:870/1000 train_loss:0.8695 train_bpb:0.5075 train_bpt:1.2544 train_time:1457964ms step_avg:1675.82ms aux_stage:0.2500
step:871/1000 train_loss:0.8542 train_bpb:0.5002 train_bpt:1.2324 train_time:1459385ms step_avg:1675.53ms aux_stage:1.0000 mtp:12.624950 mtp_w:0.0030
step:872/1000 train_loss:0.8592 train_bpb:0.5013 train_bpt:1.2396 train_time:1460889ms step_avg:1675.33ms aux_stage:1.0000
step:873/1000 train_loss:0.8666 train_bpb:0.5127 train_bpt:1.2502 train_time:1463517ms step_avg:1676.42ms aux_stage:0.2500 graph_lm_loss:0.102496 graph_lm_bpb:0.0951 graph_lm_w:0.0200 oai_gfn:0.808319 gfn_H:0.9715 gfn_R:0.3641 oai_fot:4.306709 fot_H:0.9994 fot_R:0.9197 fot_div:0.3516 mtp:12.033849 mtp_w:0.0008 sidecar_loss:0.000045 graphcg:0.011571 analogy:0.065104 tokengt_graph:1.429839 memory:0.982742 toric:6.706298 vb1d:0.720492 bgg:0.158386 koszul:0.036791 cca:1.563344 derived:3.272286
step:874/1000 train_loss:0.8633 train_bpb:0.5129 train_bpt:1.2455 train_time:1464716ms step_avg:1675.88ms aux_stage:0.2500
step:875/1000 train_loss:0.8577 train_bpb:0.5010 train_bpt:1.2374 train_time:1466177ms step_avg:1675.63ms aux_stage:1.0000 mtp:11.647543 mtp_w:0.0030
step:876/1000 train_loss:0.8831 train_bpb:0.5213 train_bpt:1.2741 train_time:1467638ms step_avg:1675.39ms aux_stage:0.2500
step:877/1000 train_loss:0.8551 train_bpb:0.5013 train_bpt:1.2336 train_time:1470274ms step_avg:1676.48ms aux_stage:1.0000 graph_lm_loss:0.209986 graph_lm_bpb:0.2020 graph_lm_w:0.0800 oai_gfn:4.029677 gfn_H:0.9574 gfn_R:0.1074 oai_fot:4.544040 fot_H:0.9998 fot_R:0.8020 fot_div:0.3398 mtp:13.169143 mtp_w:0.0030 sidecar_loss:0.000154 graphcg:0.011366 analogy:0.065125 tokengt_graph:1.181752 memory:0.806311 toric:6.087579 vb1d:0.684375 bgg:0.159559 koszul:0.038144 cca:1.184388 derived:3.162202
step:878/1000 train_loss:0.8256 train_bpb:0.4805 train_bpt:1.1911 train_time:1471512ms step_avg:1675.98ms aux_stage:1.0000
step:879/1000 train_loss:0.8266 train_bpb:0.4815 train_bpt:1.1925 train_time:1472974ms step_avg:1675.74ms aux_stage:1.0000 mtp:11.236453 mtp_w:0.0030
step:880/1000 train_loss:0.8479 train_bpb:0.4942 train_bpt:1.2232 train_time:1474437ms step_avg:1675.50ms aux_stage:1.0000
step:881/1000 train_loss:0.8773 train_bpb:0.5118 train_bpt:1.2656 train_time:1477036ms step_avg:1676.54ms aux_stage:0.2500 graph_lm_loss:0.055495 graph_lm_bpb:0.0521 graph_lm_w:0.0200 oai_gfn:0.980448 gfn_H:0.9634 gfn_R:0.2933 oai_fot:4.452029 fot_H:0.9996 fot_R:0.6873 fot_div:0.3281 mtp:9.405597 mtp_w:0.0008 sidecar_loss:0.000038 graphcg:0.011309 analogy:0.064647 tokengt_graph:1.131001 memory:1.387800 toric:5.984086 vb1d:0.700747 bgg:0.164541 koszul:0.041692 cca:1.195732 derived:3.198311
step:882/1000 train_loss:0.8480 train_bpb:0.4914 train_bpt:1.2234 train_time:1478242ms step_avg:1676.01ms aux_stage:1.0000
step:883/1000 train_loss:0.8321 train_bpb:0.4872 train_bpt:1.2005 train_time:1479688ms step_avg:1675.75ms aux_stage:1.0000 mtp:11.553785 mtp_w:0.0030
step:884/1000 train_loss:0.8554 train_bpb:0.5024 train_bpt:1.2340 train_time:1481160ms step_avg:1675.52ms aux_stage:0.2500
step:885/1000 train_loss:0.8445 train_bpb:0.4975 train_bpt:1.2184 train_time:1483774ms step_avg:1676.58ms aux_stage:1.0000 graph_lm_loss:0.018636 graph_lm_bpb:0.0179 graph_lm_w:0.0800 oai_gfn:1.055920 gfn_H:0.9639 gfn_R:0.2838 oai_fot:4.889007 fot_H:1.0000 fot_R:0.5376 fot_div:0.3320 mtp:11.585251 mtp_w:0.0030 sidecar_loss:0.000160 graphcg:0.011262 analogy:0.064739 tokengt_graph:1.225127 memory:0.962156 toric:6.135711 vb1d:0.725289 bgg:0.165198 koszul:0.037640 cca:1.273447 derived:3.209337
step:886/1000 train_loss:0.8292 train_bpb:0.4838 train_bpt:1.1963 train_time:1484956ms step_avg:1676.02ms aux_stage:1.0000
step:887/1000 train_loss:0.8468 train_bpb:0.4973 train_bpt:1.2216 train_time:1486382ms step_avg:1675.74ms aux_stage:1.0000 mtp:11.931614 mtp_w:0.0030
step:888/1000 train_loss:0.8625 train_bpb:0.5046 train_bpt:1.2443 train_time:1487835ms step_avg:1675.49ms aux_stage:0.2500
step:889/1000 train_loss:0.8687 train_bpb:0.5113 train_bpt:1.2532 train_time:1490462ms step_avg:1676.56ms aux_stage:0.2500 graph_lm_loss:0.238357 graph_lm_bpb:0.2071 graph_lm_w:0.0200 oai_gfn:1.050985 gfn_H:0.9621 gfn_R:0.3047 oai_fot:5.023596 fot_H:0.9998 fot_R:0.5665 fot_div:0.3516 mtp:13.704492 mtp_w:0.0008 sidecar_loss:0.000041 graphcg:0.011536 analogy:0.065478 tokengt_graph:1.340254 memory:0.543297 toric:6.279106 vb1d:0.706228 bgg:0.157227 koszul:0.044322 cca:1.446633 derived:3.199517
step:890/1000 train_loss:0.8319 train_bpb:0.4921 train_bpt:1.2002 train_time:1491646ms step_avg:1676.01ms aux_stage:1.0000
step:891/1000 train_loss:0.8514 train_bpb:0.4950 train_bpt:1.2283 train_time:1493082ms step_avg:1675.74ms aux_stage:1.0000 mtp:11.914769 mtp_w:0.0030
step:892/1000 train_loss:0.8523 train_bpb:0.4938 train_bpt:1.2297 train_time:1494539ms step_avg:1675.49ms aux_stage:1.0000
step:893/1000 train_loss:0.8644 train_bpb:0.5069 train_bpt:1.2470 train_time:1497155ms step_avg:1676.55ms aux_stage:0.2500 graph_lm_loss:0.217967 graph_lm_bpb:0.2054 graph_lm_w:0.0200 oai_gfn:0.863315 gfn_H:0.9602 gfn_R:0.2904 oai_fot:4.486258 fot_H:0.9998 fot_R:0.8431 fot_div:0.3125 mtp:10.214983 mtp_w:0.0008 sidecar_loss:0.000044 graphcg:0.011764 analogy:0.064956 tokengt_graph:1.363889 memory:1.062545 toric:6.244904 vb1d:0.722747 bgg:0.161057 koszul:0.045261 cca:1.312409 derived:3.229074
step:894/1000 train_loss:0.8177 train_bpb:0.4728 train_bpt:1.1797 train_time:1498346ms step_avg:1676.00ms aux_stage:1.0000
step:895/1000 train_loss:0.8212 train_bpb:0.4833 train_bpt:1.1847 train_time:1499788ms step_avg:1675.74ms aux_stage:1.0000 mtp:11.323739 mtp_w:0.0030
step:896/1000 train_loss:0.8408 train_bpb:0.4923 train_bpt:1.2130 train_time:1501247ms step_avg:1675.50ms aux_stage:1.0000
step:897/1000 train_loss:0.8555 train_bpb:0.5031 train_bpt:1.2342 train_time:1503866ms step_avg:1676.55ms aux_stage:0.2500 graph_lm_loss:0.022719 graph_lm_bpb:0.0216 graph_lm_w:0.0200 oai_gfn:1.045751 gfn_H:0.9643 gfn_R:0.3020 oai_fot:4.563585 fot_H:0.9991 fot_R:0.6272 fot_div:0.3047 mtp:10.040313 mtp_w:0.0008 sidecar_loss:0.000040 graphcg:0.011819 analogy:0.065040 tokengt_graph:1.284485 memory:1.418212 toric:6.358864 vb1d:0.720543 bgg:0.156330 koszul:0.042871 cca:1.176231 derived:3.223752
step:898/1000 train_loss:0.8332 train_bpb:0.4931 train_bpt:1.2021 train_time:1505072ms step_avg:1676.03ms aux_stage:1.0000
step:899/1000 train_loss:0.8350 train_bpb:0.4925 train_bpt:1.2047 train_time:1506527ms step_avg:1675.78ms aux_stage:1.0000 mtp:11.887986 mtp_w:0.0030
step:900/1000 train_loss:0.8826 train_bpb:0.5192 train_bpt:1.2733 train_time:1508009ms step_avg:1675.57ms aux_stage:0.2500
step:901/1000 train_loss:0.8396 train_bpb:0.5011 train_bpt:1.2113 train_time:1510665ms step_avg:1676.65ms aux_stage:0.2500 graph_lm_loss:0.083569 graph_lm_bpb:0.0785 graph_lm_w:0.0200 oai_gfn:3.609848 gfn_H:0.9599 gfn_R:0.1413 oai_fot:4.908491 fot_H:0.9997 fot_R:0.6936 fot_div:0.3359 mtp:11.774833 mtp_w:0.0008 sidecar_loss:0.000039 graphcg:0.011599 analogy:0.064986 tokengt_graph:1.256726 memory:0.755579 toric:6.134020 vb1d:0.704174 bgg:0.159645 koszul:0.041699 cca:1.188184 derived:3.144150
step:902/1000 train_loss:0.8358 train_bpb:0.4891 train_bpt:1.2059 train_time:1511868ms step_avg:1676.13ms aux_stage:1.0000
step:903/1000 train_loss:0.8522 train_bpb:0.4967 train_bpt:1.2294 train_time:1513304ms step_avg:1675.86ms aux_stage:1.0000 mtp:12.120606 mtp_w:0.0030
step:904/1000 train_loss:0.8263 train_bpb:0.4810 train_bpt:1.1921 train_time:1514769ms step_avg:1675.63ms aux_stage:1.0000
step:905/1000 train_loss:0.8269 train_bpb:0.4852 train_bpt:1.1929 train_time:1517388ms step_avg:1676.67ms aux_stage:1.0000 graph_lm_loss:0.436413 graph_lm_bpb:0.3361 graph_lm_w:0.0800 oai_gfn:1.597548 gfn_H:0.9645 gfn_R:0.2345 oai_fot:4.883914 fot_H:0.9995 fot_R:0.6306 fot_div:0.3125 mtp:10.811568 mtp_w:0.0030 sidecar_loss:0.000158 graphcg:0.011317 analogy:0.064568 tokengt_graph:1.170610 memory:1.206327 toric:5.936315 vb1d:0.692525 bgg:0.171974 koszul:0.039137 cca:1.154275 derived:3.260951
step:906/1000 train_loss:0.8442 train_bpb:0.4912 train_bpt:1.2179 train_time:1518576ms step_avg:1676.13ms aux_stage:1.0000
step:907/1000 train_loss:0.8330 train_bpb:0.4888 train_bpt:1.2017 train_time:1520030ms step_avg:1675.89ms aux_stage:1.0000 mtp:10.470236 mtp_w:0.0030
step:908/1000 train_loss:0.8448 train_bpb:0.4925 train_bpt:1.2188 train_time:1521517ms step_avg:1675.68ms aux_stage:1.0000
step:909/1000 train_loss:0.8545 train_bpb:0.4972 train_bpt:1.2328 train_time:1524155ms step_avg:1676.74ms aux_stage:0.2500 graph_lm_loss:0.141025 graph_lm_bpb:0.1296 graph_lm_w:0.0200 oai_gfn:2.758961 gfn_H:0.9584 gfn_R:0.1384 oai_fot:4.778757 fot_H:0.9995 fot_R:0.6698 fot_div:0.2891 mtp:10.907331 mtp_w:0.0008 sidecar_loss:0.000036 graphcg:0.011274 analogy:0.064865 tokengt_graph:1.112674 memory:1.502311 toric:6.053156 vb1d:0.725083 bgg:0.164825 koszul:0.038881 cca:1.250424 derived:3.143497
step:910/1000 train_loss:0.8490 train_bpb:0.4924 train_bpt:1.2248 train_time:1525351ms step_avg:1676.21ms aux_stage:1.0000
step:911/1000 train_loss:0.8349 train_bpb:0.4870 train_bpt:1.2045 train_time:1526792ms step_avg:1675.95ms aux_stage:1.0000 mtp:11.290941 mtp_w:0.0030
step:912/1000 train_loss:0.8853 train_bpb:0.5217 train_bpt:1.2772 train_time:1528238ms step_avg:1675.70ms aux_stage:0.2500
step:913/1000 train_loss:0.8442 train_bpb:0.4917 train_bpt:1.2180 train_time:1531167ms step_avg:1677.07ms aux_stage:1.0000 graph_lm_loss:0.019976 graph_lm_bpb:0.0192 graph_lm_w:0.0800 oai_gfn:1.441281 gfn_H:0.9693 gfn_R:0.2599 oai_fot:4.600052 fot_H:0.9999 fot_R:0.6997 fot_div:0.3320 mtp:12.519497 mtp_w:0.0030 sidecar_loss:0.000143 graphcg:0.011237 analogy:0.064605 tokengt_graph:1.132933 memory:1.442668 toric:6.000027 vb1d:0.712956 bgg:0.169178 koszul:0.043327 cca:1.175970 derived:3.212952
step:914/1000 train_loss:0.8737 train_bpb:0.5135 train_bpt:1.2605 train_time:1532314ms step_avg:1676.49ms aux_stage:0.2500
step:915/1000 train_loss:0.8421 train_bpb:0.4971 train_bpt:1.2149 train_time:1533745ms step_avg:1676.22ms aux_stage:1.0000 mtp:10.389256 mtp_w:0.0030
step:916/1000 train_loss:0.8424 train_bpb:0.4944 train_bpt:1.2153 train_time:1535194ms step_avg:1675.98ms aux_stage:1.0000
step:917/1000 train_loss:0.8563 train_bpb:0.5001 train_bpt:1.2354 train_time:1537808ms step_avg:1677.00ms aux_stage:0.2500 graph_lm_loss:0.202460 graph_lm_bpb:0.1722 graph_lm_w:0.0200 oai_gfn:0.952644 gfn_H:0.9673 gfn_R:0.3126 oai_fot:4.346823 fot_H:0.9999 fot_R:0.7983 fot_div:0.2812 mtp:10.258368 mtp_w:0.0008 sidecar_loss:0.000041 graphcg:0.011576 analogy:0.065062 tokengt_graph:1.363794 memory:0.552553 toric:6.378629 vb1d:0.730773 bgg:0.156371 koszul:0.040902 cca:1.243078 derived:3.175962
step:918/1000 train_loss:0.8497 train_bpb:0.4994 train_bpt:1.2258 train_time:1538981ms step_avg:1676.45ms aux_stage:0.2500
step:919/1000 train_loss:0.8559 train_bpb:0.5025 train_bpt:1.2348 train_time:1540433ms step_avg:1676.21ms aux_stage:0.2500 mtp:12.532457 mtp_w:0.0008
step:920/1000 train_loss:0.8497 train_bpb:0.4990 train_bpt:1.2259 train_time:1541914ms step_avg:1675.99ms aux_stage:0.2500
step:921/1000 train_loss:0.8750 train_bpb:0.5171 train_bpt:1.2623 train_time:1544566ms step_avg:1677.05ms aux_stage:0.2500 graph_lm_loss:0.140682 graph_lm_bpb:0.1272 graph_lm_w:0.0200 oai_gfn:0.809794 gfn_H:0.9647 gfn_R:0.3162 oai_fot:4.636832 fot_H:0.9998 fot_R:0.6384 fot_div:0.3164 mtp:12.269578 mtp_w:0.0008 sidecar_loss:0.000041 graphcg:0.011715 analogy:0.064934 tokengt_graph:1.367477 memory:0.590723 toric:6.483507 vb1d:0.708995 bgg:0.159005 koszul:0.043347 cca:1.428143 derived:3.186311
step:922/1000 train_loss:0.8683 train_bpb:0.5123 train_bpt:1.2527 train_time:1545749ms step_avg:1676.52ms aux_stage:0.2500
step:923/1000 train_loss:0.8201 train_bpb:0.4862 train_bpt:1.1832 train_time:1547212ms step_avg:1676.29ms aux_stage:1.0000 mtp:11.678576 mtp_w:0.0030
step:924/1000 train_loss:0.8222 train_bpb:0.4815 train_bpt:1.1862 train_time:1548697ms step_avg:1676.08ms aux_stage:1.0000
step:925/1000 train_loss:0.8417 train_bpb:0.4935 train_bpt:1.2144 train_time:1551379ms step_avg:1677.17ms aux_stage:1.0000 graph_lm_loss:0.168403 graph_lm_bpb:0.1434 graph_lm_w:0.0800 oai_gfn:2.532819 gfn_H:0.9607 gfn_R:0.1708 oai_fot:4.581759 fot_H:0.9992 fot_R:0.7051 fot_div:0.2734 mtp:10.759046 mtp_w:0.0030 sidecar_loss:0.000140 graphcg:0.011341 analogy:0.064760 tokengt_graph:1.129223 memory:1.435726 toric:5.961144 vb1d:0.713901 bgg:0.161876 koszul:0.042850 cca:1.223697 derived:3.150043
step:926/1000 train_loss:0.8542 train_bpb:0.4983 train_bpt:1.2324 train_time:1552594ms step_avg:1676.67ms aux_stage:0.2500
step:927/1000 train_loss:0.8439 train_bpb:0.4952 train_bpt:1.2174 train_time:1554016ms step_avg:1676.39ms aux_stage:1.0000 mtp:10.997049 mtp_w:0.0030
step:928/1000 train_loss:0.8570 train_bpb:0.5063 train_bpt:1.2363 train_time:1555502ms step_avg:1676.19ms aux_stage:0.2500
step:929/1000 train_loss:0.8322 train_bpb:0.4898 train_bpt:1.2006 train_time:1558152ms step_avg:1677.24ms aux_stage:1.0000 graph_lm_loss:0.348101 graph_lm_bpb:0.2968 graph_lm_w:0.0800 oai_gfn:0.973839 gfn_H:0.9684 gfn_R:0.3017 oai_fot:5.113490 fot_H:1.0000 fot_R:0.5315 fot_div:0.3359 mtp:10.612420 mtp_w:0.0030 sidecar_loss:0.000169 graphcg:0.011700 analogy:0.064998 tokengt_graph:1.327531 memory:1.268909 toric:6.365790 vb1d:0.726649 bgg:0.156676 koszul:0.039528 cca:1.473693 derived:3.227490
step:930/1000 train_loss:0.8306 train_bpb:0.4904 train_bpt:1.1983 train_time:1559375ms step_avg:1676.75ms aux_stage:1.0000
step:931/1000 train_loss:0.8756 train_bpb:0.5130 train_bpt:1.2632 train_time:1560841ms step_avg:1676.52ms aux_stage:0.2500 mtp:10.840684 mtp_w:0.0008
step:932/1000 train_loss:0.8451 train_bpb:0.4986 train_bpt:1.2192 train_time:1562306ms step_avg:1676.29ms aux_stage:0.2500
step:933/1000 train_loss:0.8402 train_bpb:0.4942 train_bpt:1.2122 train_time:1564934ms step_avg:1677.31ms aux_stage:1.0000 graph_lm_loss:0.018503 graph_lm_bpb:0.0177 graph_lm_w:0.0800 oai_gfn:1.817425 gfn_H:0.9604 gfn_R:0.1936 oai_fot:4.883134 fot_H:0.9998 fot_R:0.6159 fot_div:0.3477 mtp:11.400174 mtp_w:0.0030 sidecar_loss:0.000146 graphcg:0.011496 analogy:0.064827 tokengt_graph:1.180499 memory:1.039440 toric:5.992539 vb1d:0.718924 bgg:0.162901 koszul:0.040972 cca:1.176209 derived:3.194665
step:934/1000 train_loss:0.8202 train_bpb:0.4840 train_bpt:1.1833 train_time:1566157ms step_avg:1676.83ms aux_stage:1.0000
step:935/1000 train_loss:0.8696 train_bpb:0.5114 train_bpt:1.2545 train_time:1567588ms step_avg:1676.57ms aux_stage:0.2500 mtp:12.197293 mtp_w:0.0008
step:936/1000 train_loss:0.8376 train_bpb:0.4923 train_bpt:1.2083 train_time:1569071ms step_avg:1676.36ms aux_stage:1.0000
step:937/1000 train_loss:0.8282 train_bpb:0.4843 train_bpt:1.1948 train_time:1571717ms step_avg:1677.39ms aux_stage:1.0000 graph_lm_loss:0.219164 graph_lm_bpb:0.1744 graph_lm_w:0.0800 oai_gfn:0.978998 gfn_H:0.9615 gfn_R:0.2595 oai_fot:5.061546 fot_H:0.9998 fot_R:0.6019 fot_div:0.3242 mtp:11.896616 mtp_w:0.0030 sidecar_loss:0.000149 graphcg:0.011352 analogy:0.065153 tokengt_graph:1.180933 memory:0.958170 toric:6.166282 vb1d:0.726084 bgg:0.158259 koszul:0.041492 cca:1.206722 derived:3.226952
step:938/1000 train_loss:0.8409 train_bpb:0.4972 train_bpt:1.2131 train_time:1572914ms step_avg:1676.88ms aux_stage:0.2500
step:939/1000 train_loss:0.8199 train_bpb:0.4853 train_bpt:1.1828 train_time:1574365ms step_avg:1676.64ms aux_stage:1.0000 mtp:12.360445 mtp_w:0.0030
step:940/1000 train_loss:0.8608 train_bpb:0.5098 train_bpt:1.2419 train_time:1575833ms step_avg:1676.42ms aux_stage:0.2500
step:941/1000 train_loss:0.8282 train_bpb:0.4872 train_bpt:1.1948 train_time:1578456ms step_avg:1677.42ms aux_stage:1.0000 graph_lm_loss:0.112117 graph_lm_bpb:0.0985 graph_lm_w:0.0800 oai_gfn:2.298369 gfn_H:0.9606 gfn_R:0.1888 oai_fot:4.710156 fot_H:0.9997 fot_R:0.6213 fot_div:0.2930 mtp:10.923435 mtp_w:0.0030 sidecar_loss:0.000157 graphcg:0.011772 analogy:0.064824 tokengt_graph:1.233650 memory:0.805859 toric:6.232186 vb1d:0.668278 bgg:0.157315 koszul:0.041257 cca:1.260733 derived:3.181904
step:942/1000 train_loss:0.8299 train_bpb:0.4876 train_bpt:1.1972 train_time:1579642ms step_avg:1676.90ms aux_stage:1.0000
step:943/1000 train_loss:0.8691 train_bpb:0.5109 train_bpt:1.2539 train_time:1581095ms step_avg:1676.67ms aux_stage:0.2500 mtp:10.439304 mtp_w:0.0008
step:944/1000 train_loss:0.8626 train_bpb:0.5044 train_bpt:1.2444 train_time:1582559ms step_avg:1676.44ms aux_stage:0.2500
step:945/1000 train_loss:0.8372 train_bpb:0.4911 train_bpt:1.2078 train_time:1585222ms step_avg:1677.48ms aux_stage:1.0000 graph_lm_loss:0.267254 graph_lm_bpb:0.2328 graph_lm_w:0.0800 oai_gfn:0.832891 gfn_H:0.9620 gfn_R:0.3784 oai_fot:4.493490 fot_H:0.9991 fot_R:0.8443 fot_div:0.2969 mtp:11.176445 mtp_w:0.0030 sidecar_loss:0.000144 graphcg:0.011274 analogy:0.064649 tokengt_graph:1.110301 memory:1.515247 toric:5.759492 vb1d:0.758485 bgg:0.166142 koszul:0.039966 cca:1.124546 derived:3.174069
step:946/1000 train_loss:0.8563 train_bpb:0.4961 train_bpt:1.2353 train_time:1586425ms step_avg:1676.98ms aux_stage:1.0000
step:947/1000 train_loss:0.8185 train_bpb:0.4808 train_bpt:1.1809 train_time:1587868ms step_avg:1676.73ms aux_stage:1.0000 mtp:11.097936 mtp_w:0.0030
step:948/1000 train_loss:0.8097 train_bpb:0.4768 train_bpt:1.1682 train_time:1589353ms step_avg:1676.53ms aux_stage:1.0000
step:949/1000 train_loss:0.8465 train_bpb:0.4998 train_bpt:1.2213 train_time:1591988ms step_avg:1677.54ms aux_stage:0.2500 graph_lm_loss:0.069443 graph_lm_bpb:0.0638 graph_lm_w:0.0200 oai_gfn:1.190439 gfn_H:0.9555 gfn_R:0.3295 oai_fot:4.707649 fot_H:0.9999 fot_R:0.6531 fot_div:0.2969 mtp:9.999404 mtp_w:0.0008 sidecar_loss:0.000041 graphcg:0.011354 analogy:0.065325 tokengt_graph:1.356883 memory:0.545649 toric:6.393999 vb1d:0.722562 bgg:0.156806 koszul:0.034220 cca:1.287509 derived:3.162824
step:950/1000 train_loss:0.8273 train_bpb:0.4885 train_bpt:1.1935 train_time:1593191ms step_avg:1677.04ms aux_stage:1.0000
step:951/1000 train_loss:0.8301 train_bpb:0.4859 train_bpt:1.1976 train_time:1594646ms step_avg:1676.81ms aux_stage:1.0000 mtp:12.199777 mtp_w:0.0030
step:952/1000 train_loss:0.8399 train_bpb:0.4906 train_bpt:1.2117 train_time:1596132ms step_avg:1676.61ms aux_stage:1.0000
step:953/1000 train_loss:0.8200 train_bpb:0.4813 train_bpt:1.1831 train_time:1598788ms step_avg:1677.64ms aux_stage:1.0000 graph_lm_loss:0.152493 graph_lm_bpb:0.1381 graph_lm_w:0.0800 oai_gfn:2.242448 gfn_H:0.9591 gfn_R:0.2004 oai_fot:4.649665 fot_H:0.9999 fot_R:0.7625 fot_div:0.2812 mtp:12.727479 mtp_w:0.0030 sidecar_loss:0.000168 graphcg:0.011725 analogy:0.065064 tokengt_graph:1.380219 memory:0.370151 toric:6.416074 vb1d:0.740292 bgg:0.156481 koszul:0.039510 cca:1.421388 derived:3.202719
step:954/1000 train_loss:0.8620 train_bpb:0.5034 train_bpt:1.2436 train_time:1600009ms step_avg:1677.16ms aux_stage:0.2500
step:955/1000 train_loss:0.8481 train_bpb:0.4945 train_bpt:1.2235 train_time:1601439ms step_avg:1676.90ms aux_stage:0.2500 mtp:10.955400 mtp_w:0.0008
step:956/1000 train_loss:0.8332 train_bpb:0.4911 train_bpt:1.2021 train_time:1602895ms step_avg:1676.67ms aux_stage:1.0000
step:957/1000 train_loss:0.8581 train_bpb:0.5054 train_bpt:1.2380 train_time:1605531ms step_avg:1677.67ms aux_stage:0.2500 graph_lm_loss:0.158426 graph_lm_bpb:0.1387 graph_lm_w:0.0200 oai_gfn:2.012999 gfn_H:0.9643 gfn_R:0.2016 oai_fot:4.607139 fot_H:0.9995 fot_R:0.5863 fot_div:0.3555 mtp:11.239810 mtp_w:0.0008 sidecar_loss:0.000038 graphcg:0.011262 analogy:0.064964 tokengt_graph:1.135437 memory:0.926670 toric:5.960675 vb1d:0.738289 bgg:0.165231 koszul:0.040411 cca:1.256946 derived:3.301049
step:958/1000 train_loss:0.8601 train_bpb:0.5052 train_bpt:1.2409 train_time:1606721ms step_avg:1677.16ms aux_stage:0.2500
step:959/1000 train_loss:0.8263 train_bpb:0.4875 train_bpt:1.1921 train_time:1608158ms step_avg:1676.91ms aux_stage:1.0000 mtp:12.510189 mtp_w:0.0030
step:960/1000 train_loss:0.8365 train_bpb:0.4967 train_bpt:1.2068 train_time:1609635ms step_avg:1676.70ms aux_stage:0.2500
step:961/1000 train_loss:0.8370 train_bpb:0.4917 train_bpt:1.2075 train_time:1612258ms step_avg:1677.69ms aux_stage:1.0000 graph_lm_loss:0.132883 graph_lm_bpb:0.1203 graph_lm_w:0.0800 oai_gfn:0.442916 gfn_H:0.9674 gfn_R:0.3892 oai_fot:4.861275 fot_H:0.9994 fot_R:0.6652 fot_div:0.3125 mtp:11.467390 mtp_w:0.0030 sidecar_loss:0.000199 graphcg:0.011740 analogy:0.064970 tokengt_graph:1.387291 memory:1.899951 toric:6.433954 vb1d:0.712517 bgg:0.156164 koszul:0.039308 cca:1.423432 derived:3.119723
step:962/1000 train_loss:0.8458 train_bpb:0.4962 train_bpt:1.2203 train_time:1613466ms step_avg:1677.20ms aux_stage:0.2500
step:963/1000 train_loss:0.8279 train_bpb:0.4867 train_bpt:1.1944 train_time:1614923ms step_avg:1676.97ms aux_stage:1.0000 mtp:11.186337 mtp_w:0.0030
step:964/1000 train_loss:0.8317 train_bpb:0.4834 train_bpt:1.1999 train_time:1616386ms step_avg:1676.75ms aux_stage:1.0000
step:965/1000 train_loss:0.8295 train_bpb:0.4882 train_bpt:1.1967 train_time:1619290ms step_avg:1678.02ms aux_stage:1.0000 graph_lm_loss:0.245576 graph_lm_bpb:0.2086 graph_lm_w:0.0800 oai_gfn:1.154131 gfn_H:0.9613 gfn_R:0.2947 oai_fot:4.826602 fot_H:1.0000 fot_R:0.6889 fot_div:0.2969 mtp:10.518369 mtp_w:0.0030 sidecar_loss:0.000185 graphcg:0.011847 analogy:0.065212 tokengt_graph:1.393512 memory:0.926132 toric:6.390104 vb1d:0.711737 bgg:0.159529 koszul:0.041340 cca:1.452827 derived:3.152560
step:966/1000 train_loss:0.8151 train_bpb:0.4778 train_bpt:1.1760 train_time:1620492ms step_avg:1677.53ms aux_stage:1.0000
step:967/1000 train_loss:0.8386 train_bpb:0.4928 train_bpt:1.2098 train_time:1621919ms step_avg:1677.27ms aux_stage:0.2500 mtp:10.246215 mtp_w:0.0008
step:968/1000 train_loss:0.8544 train_bpb:0.5055 train_bpt:1.2327 train_time:1623362ms step_avg:1677.03ms aux_stage:0.2500
step:969/1000 train_loss:0.8272 train_bpb:0.4830 train_bpt:1.1934 train_time:1625980ms step_avg:1678.00ms aux_stage:1.0000 graph_lm_loss:0.452453 graph_lm_bpb:0.4058 graph_lm_w:0.0800 oai_gfn:0.435816 gfn_H:0.9620 gfn_R:0.4054 oai_fot:4.676877 fot_H:0.9999 fot_R:0.7318 fot_div:0.2461 mtp:9.994041 mtp_w:0.0030 sidecar_loss:0.000154 graphcg:0.011354 analogy:0.064751 tokengt_graph:1.123963 memory:1.443072 toric:5.896482 vb1d:0.739273 bgg:0.170569 koszul:0.043262 cca:1.175596 derived:3.264365
step:970/1000 train_loss:0.8330 train_bpb:0.4858 train_bpt:1.2017 train_time:1627188ms step_avg:1677.51ms aux_stage:1.0000
step:971/1000 train_loss:0.8566 train_bpb:0.5028 train_bpt:1.2358 train_time:1628658ms step_avg:1677.30ms aux_stage:0.2500 mtp:11.887160 mtp_w:0.0008
step:972/1000 train_loss:0.8150 train_bpb:0.4775 train_bpt:1.1758 train_time:1630139ms step_avg:1677.10ms aux_stage:1.0000
step:973/1000 train_loss:0.8373 train_bpb:0.4944 train_bpt:1.2080 train_time:1632790ms step_avg:1678.10ms aux_stage:0.2500 graph_lm_loss:0.082869 graph_lm_bpb:0.0769 graph_lm_w:0.0200 oai_gfn:0.716672 gfn_H:0.9677 gfn_R:0.3641 oai_fot:4.444885 fot_H:0.9999 fot_R:0.8414 fot_div:0.3477 mtp:12.145450 mtp_w:0.0008 sidecar_loss:0.000036 graphcg:0.011326 analogy:0.064571 tokengt_graph:1.125337 memory:1.327694 toric:5.815489 vb1d:0.729136 bgg:0.166090 koszul:0.043601 cca:1.033123 derived:3.268635
step:974/1000 train_loss:0.8240 train_bpb:0.4812 train_bpt:1.1888 train_time:1633988ms step_avg:1677.61ms aux_stage:1.0000
step:975/1000 train_loss:0.8469 train_bpb:0.4957 train_bpt:1.2218 train_time:1635451ms step_avg:1677.39ms aux_stage:0.2500 mtp:12.023756 mtp_w:0.0008
step:976/1000 train_loss:0.8444 train_bpb:0.4894 train_bpt:1.2182 train_time:1636929ms step_avg:1677.18ms aux_stage:1.0000
step:977/1000 train_loss:0.8131 train_bpb:0.4746 train_bpt:1.1731 train_time:1639590ms step_avg:1678.19ms aux_stage:1.0000 graph_lm_loss:0.015015 graph_lm_bpb:0.0145 graph_lm_w:0.0800 oai_gfn:2.673149 gfn_H:0.9600 gfn_R:0.1552 oai_fot:4.291309 fot_H:0.9999 fot_R:0.6225 fot_div:0.3320 mtp:10.895232 mtp_w:0.0030 sidecar_loss:0.000162 graphcg:0.011219 analogy:0.065129 tokengt_graph:1.229093 memory:0.726089 toric:6.116761 vb1d:0.722525 bgg:0.164121 koszul:0.039145 cca:1.373784 derived:3.383006
step:978/1000 train_loss:0.8259 train_bpb:0.4773 train_bpt:1.1915 train_time:1640778ms step_avg:1677.69ms aux_stage:1.0000
step:979/1000 train_loss:0.8365 train_bpb:0.4892 train_bpt:1.2068 train_time:1642210ms step_avg:1677.44ms aux_stage:0.2500 mtp:11.887300 mtp_w:0.0008
step:980/1000 train_loss:0.8598 train_bpb:0.5056 train_bpt:1.2404 train_time:1643668ms step_avg:1677.21ms aux_stage:0.2500
step:981/1000 train_loss:0.8412 train_bpb:0.4840 train_bpt:1.2135 train_time:1646306ms step_avg:1678.19ms aux_stage:1.0000 graph_lm_loss:0.274760 graph_lm_bpb:0.2468 graph_lm_w:0.0800 oai_gfn:1.160662 gfn_H:0.9588 gfn_R:0.2817 oai_fot:4.750522 fot_H:0.9996 fot_R:0.8615 fot_div:0.3203 mtp:11.889743 mtp_w:0.0030 sidecar_loss:0.000170 graphcg:0.011649 analogy:0.065133 tokengt_graph:1.280822 memory:1.039050 toric:6.101175 vb1d:0.704169 bgg:0.161425 koszul:0.041936 cca:1.288127 derived:3.293340
step:982/1000 train_loss:0.8561 train_bpb:0.5048 train_bpt:1.2351 train_time:1647501ms step_avg:1677.70ms aux_stage:0.2500
step:983/1000 train_loss:0.8555 train_bpb:0.5045 train_bpt:1.2342 train_time:1648968ms step_avg:1677.49ms aux_stage:0.2500 mtp:10.821468 mtp_w:0.0008
step:984/1000 train_loss:0.8401 train_bpb:0.4921 train_bpt:1.2120 train_time:1650457ms step_avg:1677.29ms aux_stage:0.2500
step:985/1000 train_loss:0.8359 train_bpb:0.4872 train_bpt:1.2059 train_time:1653119ms step_avg:1678.29ms aux_stage:1.0000 graph_lm_loss:0.091325 graph_lm_bpb:0.0853 graph_lm_w:0.0800 oai_gfn:2.865132 gfn_H:0.9550 gfn_R:0.1327 oai_fot:5.098628 fot_H:0.9999 fot_R:0.5413 fot_div:0.3125 mtp:10.293077 mtp_w:0.0030 sidecar_loss:0.000149 graphcg:0.011267 analogy:0.064808 tokengt_graph:1.140736 memory:0.939551 toric:5.961070 vb1d:0.706101 bgg:0.162733 koszul:0.034143 cca:1.109095 derived:3.290437
step:986/1000 train_loss:0.8377 train_bpb:0.4894 train_bpt:1.2086 train_time:1654317ms step_avg:1677.81ms aux_stage:1.0000
step:987/1000 train_loss:0.8262 train_bpb:0.4841 train_bpt:1.1920 train_time:1655756ms step_avg:1677.56ms aux_stage:1.0000 mtp:11.333382 mtp_w:0.0030
step:988/1000 train_loss:0.8705 train_bpb:0.5082 train_bpt:1.2558 train_time:1657230ms step_avg:1677.36ms aux_stage:0.2500
step:989/1000 train_loss:0.8322 train_bpb:0.4926 train_bpt:1.2006 train_time:1659876ms step_avg:1678.34ms aux_stage:0.2500 graph_lm_loss:0.187792 graph_lm_bpb:0.1732 graph_lm_w:0.0200 oai_gfn:2.567513 gfn_H:0.9642 gfn_R:0.1755 oai_fot:4.937283 fot_H:1.0000 fot_R:0.6250 fot_div:0.3320 mtp:11.886202 mtp_w:0.0008 sidecar_loss:0.000037 graphcg:0.011404 analogy:0.064608 tokengt_graph:1.115713 memory:1.417864 toric:5.780930 vb1d:0.712097 bgg:0.162499 koszul:0.043336 cca:1.110705 derived:3.305497
step:990/1000 train_loss:0.8418 train_bpb:0.4877 train_bpt:1.2145 train_time:1661067ms step_avg:1677.85ms aux_stage:1.0000
step:991/1000 train_loss:0.8276 train_bpb:0.4854 train_bpt:1.1940 train_time:1662516ms step_avg:1677.61ms aux_stage:1.0000 mtp:10.710452 mtp_w:0.0030
step:992/1000 train_loss:0.8151 train_bpb:0.4779 train_bpt:1.1759 train_time:1664039ms step_avg:1677.46ms aux_stage:1.0000
step:993/1000 train_loss:0.8446 train_bpb:0.4962 train_bpt:1.2185 train_time:1666680ms step_avg:1678.43ms aux_stage:0.2500 graph_lm_loss:0.184009 graph_lm_bpb:0.1594 graph_lm_w:0.0200 oai_gfn:0.735091 gfn_H:0.9626 gfn_R:0.3314 oai_fot:4.384890 fot_H:0.9999 fot_R:0.8771 fot_div:0.2930 mtp:11.465472 mtp_w:0.0008 sidecar_loss:0.000041 graphcg:0.011379 analogy:0.065205 tokengt_graph:1.269295 memory:0.744369 toric:6.100230 vb1d:0.731516 bgg:0.162671 koszul:0.040187 cca:1.236000 derived:3.300416
step:994/1000 train_loss:0.8447 train_bpb:0.4939 train_bpt:1.2186 train_time:1667903ms step_avg:1677.97ms aux_stage:0.2500
step:995/1000 train_loss:0.8152 train_bpb:0.4796 train_bpt:1.1761 train_time:1669353ms step_avg:1677.74ms aux_stage:1.0000 mtp:11.108043 mtp_w:0.0030
step:996/1000 train_loss:0.8535 train_bpb:0.4962 train_bpt:1.2314 train_time:1670853ms step_avg:1677.56ms aux_stage:0.2500
step:997/1000 train_loss:0.8179 train_bpb:0.4820 train_bpt:1.1800 train_time:1673510ms step_avg:1678.55ms aux_stage:1.0000 graph_lm_loss:0.368675 graph_lm_bpb:0.2962 graph_lm_w:0.0800 oai_gfn:1.715701 gfn_H:0.9640 gfn_R:0.2221 oai_fot:5.027384 fot_H:0.9999 fot_R:0.5375 fot_div:0.2617 mtp:10.684522 mtp_w:0.0030 sidecar_loss:0.000144 graphcg:0.011413 analogy:0.064827 tokengt_graph:1.162810 memory:1.140689 toric:5.884988 vb1d:0.704291 bgg:0.164997 koszul:0.045398 cca:1.045991 derived:3.243159
step:998/1000 train_loss:0.8528 train_bpb:0.4988 train_bpt:1.2303 train_time:1674719ms step_avg:1678.08ms aux_stage:0.2500
step:999/1000 train_loss:0.8213 train_bpb:0.4783 train_bpt:1.1849 train_time:1676176ms step_avg:1677.85ms aux_stage:1.0000 mtp:11.487040 mtp_w:0.0030
step:1000/1000 train_loss:0.8558 train_bpb:0.5036 train_bpt:1.2346 train_time:1677680ms step_avg:1677.68ms aux_stage:0.2500
step:1000/1000 val_loss:0.8380 val_bpb:0.4924 train_time:1677689ms step_avg:1677.69ms
checkpoint_saved:/home/iska/Documents/amelie/bio/ToricGT/checkpoints/tg-bpb-bestof10-convextok2048-det-20260621T040717Z-r008-gate2500_experimental_family_selective-20260621T154110Z/tg-bpb-bestof10-convextok2048-det-20260621T040717Z-r008-gate2500_experimental_family_selective-20260621T154110Z_step_001000.pt step:1000 val_bpb:0.492427870791941
peak memory allocated: 12063 MiB reserved: 12692 MiB
Serialized model: 72001073 bytes
Code size: 185294 bytes
Total submission size: 72186367 bytes
Serialized model int8+zlib: 12017502 bytes (payload:18856742 raw_torch:18908783 payload_ratio:3.82x)
Total submission size int8+zlib: 12202796 bytes
final_int8_zlib_roundtrip val_loss:0.8430 val_bpb:0.4953 eval_time:16866ms
final_int8_zlib_roundtrip_exact val_loss:0.84296158 val_bpb:0.49533264
[1;34mwandb[0m: 
[1;34mwandb[0m: 🚀 View run [33mtg-bpb-bestof10-convextok2048-det-20260621T040717Z-r008-gate2500_experimental_family_selective-20260621T154110Z[0m at: [34mhttps://wandb.ai/amelie-iska-math/toricgt-parameter-golf/runs/tg-bpb-bestof10-convextok2048-det-20260621T040717Z-r008-gate2500_experimental_family_selective-20260621T154110Z[0m
[1;34mwandb[0m: Find logs at: [1;35mwandb/run-20260621_154113-tg-bpb-bestof10-convextok2048-det-20260621T040717Z-r008-gate2500_experimental_family_selective-20260621T154110Z/logs[0m
